{
    "[0, 0, 0, 0, 0, 1, 0]": [
        41.63551319234293,
        43.452858898694046,
        87.56060736157168,
        39.18164989756602
    ],
    "[0, 0, 0, 0, 0, 0, 0]": [
        -7.300337836455348,
        48.00840759932264,
        -5.1934797929748076,
        -0.41691520386042125
    ],
    "[0, 0, 0, 0, 1, 0, 0]": [
        9.760685876845645,
        83.5461831279727,
        10.934887808868291,
        16.82362851199835
    ],
    "[0, 0, 1, 0, 0, 0, 0]": [
        -33.737175745837625,
        17.903594819015925,
        -63.4023018124402,
        -62.11976023716981
    ],
    "[1, 0, 0, 0, 0, 0, 0]": [
        -29.187915616534397,
        -54.142674453035944,
        27.08122890945494,
        -31.475019425197818
    ],
    "[0, 0, 0, 0, 0, 0, 1]": [
        27.094321244015013,
        34.20381238314051,
        18.916007653079415,
        62.01448169788276
    ],
    "[0, 1, 0, 0, 0, 0, 0]": [
        -22.514025587096818,
        19.40319873102701,
        -15.325226214257134,
        -42.47943147280277
    ],
    "[0, 1, 1, 0, 0, 0, 0]": [
        -44.666654339791734,
        -36.13289552936809,
        -22.768741304290685,
        25.913777658893594
    ],
    "[0, 0, 0, 1, 0, 0, 0]": [
        73.28469592611991,
        23.107871557261497,
        25.342027769489178,
        34.1176495439104
    ],
    "[0, 0, 0, 1, 0, 1, 0]": [
        20.686512788423897,
        20.19902812641132,
        73.14208986908402,
        17.71288076571075
    ],
    "[0, 1, 0, 0, 0, 0, 1]": [
        -23.740013370996465,
        9.366338012670246,
        -20.521669662185328,
        -23.964023993999998
    ],
    "[1, 0, 0, 0, 0, 1, 0]": [
        0.0,
        0.0,
        74.93946764429799,
        2.1774637422675185
    ],
    "[1, 0, 1, 1, 0, 0, 0]": [
        60.74007791333969,
        -2.586570180025304,
        -2.0353806337270104,
        9.622307299417976
    ],
    "[0, 0, 0, 1, 1, 0, 0]": [
        111.1473746295838,
        -6.0,
        -1.7138270615862397,
        3.693521666827125
    ],
    "[0, 0, 1, 0, 1, 0, 0]": [
        -6.0,
        79.12092986283369,
        -6.0,
        -6.0
    ],
    "[1, 0, 1, 0, 0, 0, 0]": [
        -10.14329866430904,
        -41.90580128486964,
        -31.01549494676396,
        12.815243522744648
    ],
    "[1, 0, 0, 1, 0, 0, 0]": [
        59.520581345838785,
        -1.2123877369921212,
        -1.8139036802449642,
        -0.2301235190595201
    ],
    "[0, 0, 0, 1, 0, 0, 1]": [
        65.61177385699592,
        -7.892122236633733,
        5.955584497104473,
        20.918944143951983
    ],
    "[0, 1, 0, 0, 0, 1, 0]": [
        13.833329460607104,
        6.295444984840368,
        75.31327003271744,
        1.1421171618463593
    ],
    "[0, 0, 0, 0, 1, 0, 1]": [
        -11.994,
        0.4807569864981627,
        -2.343909681922123,
        72.73994514383938
    ],
    "[0, 1, 0, 1, 0, 0, 1]": [
        32.71192777304546,
        0.0,
        0.0,
        -6.0
    ],
    "[1, 1, 0, 0, 0, 0, 0]": [
        -35.66241007033069,
        -41.95302320100279,
        3.794902634335682,
        -44.7186971159177
    ],
    "[0, 0, 0, 0, 1, 1, 0]": [
        2.710809377507097,
        6.8350926043751485,
        75.29706864098002,
        2.7247736116879904
    ],
    "[1, 1, 0, 1, 0, 0, 0]": [
        61.48448780424062,
        -11.994,
        -1.8722171095419124,
        -11.994
    ],
    "[1, 1, 1, 0, 0, 0, 0]": [
        15.245924653661717,
        -42.46799947785071,
        -41.26437421664834,
        -44.500270491594684
    ],
    "[1, 0, 1, 0, 0, 1, 0]": [
        12.778876723252171,
        -6.0,
        -8.054379038575544,
        -6.0
    ],
    "[0, 1, 0, 1, 0, 1, 0]": [
        0.7750380464973405,
        -0.7359513445237509,
        62.21849779042533,
        0.0
    ],
    "[1, 0, 0, 0, 0, 0, 1]": [
        -2.486542915081275,
        -6.0,
        -6.0,
        47.752221860965875
    ],
    "[1, 0, 0, 1, 0, 1, 0]": [
        70.57145411492681,
        0.0,
        0.0,
        0.0
    ],
    "[1, 0, 0, 1, 0, 0, 1]": [
        76.83751725471359,
        0.0,
        0.0,
        0.0
    ],
    "[0, 0, 1, 1, 0, 0, 0]": [
        72.56974905322458,
        6.100480502446652,
        18.976569943748135,
        14.913022972208662
    ],
    "[0, 0, 1, 0, 0, 0, 1]": [
        19.32302563738725,
        14.31303669114438,
        -5.5575233956877135,
        66.96087068969294
    ],
    "[0, 1, 0, 1, 0, 0, 0]": [
        61.8317577460031,
        -7.460854864152868,
        -5.610981227364059,
        -5.276004121600569
    ],
    "[0, 1, 1, 1, 0, 0, 0]": [
        -23.964023993999998,
        -23.566562024987434,
        -22.317773255000272,
        6.437932623494802
    ],
    "[0, 0, 0, 0, 0, 1, 1]": [
        2.0768461146863704,
        6.69435885609181,
        86.97762944640384,
        9.047736611578848
    ],
    "[0, 0, 1, 0, 0, 1, 0]": [
        -5.661036817298629,
        -4.465125219850632,
        79.49094246829591,
        -3.7161036409804735
    ],
    "[1, 0, 0, 0, 1, 0, 0]": [
        -5.6,
        76.83604553350219,
        -1.4399900748203471,
        -6.0
    ],
    "[1, 0, 1, 0, 1, 0, 0]": [
        -6.0,
        64.71029004133665,
        0.0,
        -6.0
    ],
    "[0, 0, 1, 1, 0, 0, 1]": [
        -6.16661441979566,
        -2.6676646851336487,
        -6.083876901579081,
        62.247858664509174
    ],
    "[0, 1, 0, 0, 1, 0, 0]": [
        -5.224424136299444,
        75.14483763449833,
        0.0,
        3.2948833671040165
    ],
    "[0, 1, 1, 0, 0, 1, 0]": [
        -13.464028940500487,
        -5.241364919315238,
        -11.994,
        -11.994
    ],
    "[0, 1, 0, 0, 0, 1, 1]": [
        -0.7379565602727203,
        -5.406811293879713,
        58.66042318014792,
        -6.0
    ],
    "[0, 0, 1, 1, 0, 1, 0]": [
        -0.043914400649584406,
        -6.0,
        72.70877527280678,
        -0.9836993241006754
    ],
    "[1, 1, 0, 0, 0, 1, 0]": [
        -5.993349337636489,
        -6.0,
        74.1005377854549,
        0.0
    ],
    "[0, 1, 0, 0, 1, 1, 0]": [
        -6.0,
        -3.6373582287746427,
        77.50030188788446,
        0.0
    ],
    "[1, 0, 0, 0, 1, 1, 0]": [
        -4.434562750785646,
        -0.4949212334476755,
        54.46566638507985,
        0.0
    ],
    "[1, 0, 1, 1, 0, 1, 0]": [
        69.33535133303783,
        0.0,
        0.0,
        0.0
    ],
    "[0, 0, 1, 0, 0, 1, 1]": [
        10.84791550900521,
        0.0,
        0.0,
        0.0
    ],
    "[0, 0, 1, 0, 1, 1, 0]": [
        3.7464675193590153,
        0.0,
        0.0,
        0.0
    ],
    "[0, 1, 0, 1, 1, 0, 0]": [
        -6.0,
        22.516305055732275,
        0.0,
        0.0
    ],
    "[1, 1, 0, 1, 0, 1, 0]": [
        0.0,
        0.0,
        0.0,
        -6.0
    ],
    "[0, 0, 1, 1, 1, 0, 0]": [
        -0.2,
        -6.0,
        11.570403875863526,
        0.0
    ],
    "[1, 0, 0, 1, 1, 0, 0]": [
        0.0,
        0.0,
        5.31824576402793,
        0.0
    ]
}