{
    "[0, 1, 0, 0, 1, 0, 0, 0, 0, 0, 0]": [
        -9.373438377149302,
        -8.08044205348653,
        83.17869150650048,
        -11.994
    ],
    "[0, 1, 0, 0, 0, 0, 0, 1, 0, 0, 0]": [
        127.64673812116838,
        -0.38,
        1.2244851263007308,
        -2.0121591181450285
    ],
    "[0, 0, 0, 1, 0, 0, 0, 1, 0, 0, 0]": [
        141.0568134943777,
        40.87792332120129,
        55.0709742317638,
        24.855184063701603
    ],
    "[0, 0, 0, 1, 0, 0, 0, 1, 0, 1, 0]": [
        126.15139083892745,
        -6.0,
        2.953881647640596,
        -0.25542218
    ],
    "[0, 1, 0, 0, 0, 0, 0, 0, 0, 0, 0]": [
        4.3790939261159085,
        90.37596704066374,
        9.03339108556261,
        -24.881633560042797
    ],
    "[0, 0, 1, 0, 0, 0, 0, 0, 0, 0, 0]": [
        13.887520345916677,
        85.76767106738963,
        62.87000011112328,
        31.27457061250866
    ],
    "[0, 0, 0, 1, 0, 0, 0, 0, 0, 0, 0]": [
        4.190664412117266,
        -24.656953392783247,
        94.20071021287274,
        2.410931332921404
    ],
    "[1, 0, 0, 0, 0, 0, 0, 0, 0, 0, 0]": [
        -3.756525438498472,
        99.66217001597582,
        -22.423024522946516,
        -6.244962590189163
    ],
    "[0, 1, 0, 0, 0, 0, 1, 0, 0, 0, 0]": [
        -11.994,
        74.80149046717786,
        -11.035073865033839,
        -11.994
    ],
    "[0, 0, 1, 0, 0, 0, 0, 0, 0, 1, 0]": [
        9.885786339772904,
        10.798830107859278,
        127.38306976881468,
        -2.3925860039650715
    ],
    "[0, 1, 0, 0, 0, 0, 0, 0, 0, 1, 0]": [
        17.384860467978513,
        35.96172941034188,
        135.33801091230566,
        34.83487580828076
    ],
    "[0, 1, 0, 0, 0, 1, 0, 0, 0, 0, 0]": [
        88.98857307508277,
        -8.636384897058287,
        -0.31363323420622446,
        -16.54848200097643
    ],
    "[0, 0, 1, 0, 0, 1, 1, 0, 0, 0, 0]": [
        -6.240037752386646,
        -11.054339223794663,
        2.3295108845164085,
        114.83654842480823
    ],
    "[0, 0, 1, 0, 0, 0, 0, 1, 0, 0, 0]": [
        -6.0,
        -0.57962,
        -0.972353203885741,
        74.35075571404877
    ],
    "[0, 1, 0, 0, 0, 0, 0, 0, 0, 0, 1]": [
        -20.163463409535563,
        75.54717708156697,
        -23.836656623364064,
        -17.48974955332666
    ],
    "[0, 0, 1, 0, 0, 0, 0, 0, 0, 0, 1]": [
        -13.904784987615772,
        93.15826389698442,
        -12.59408945287856,
        3.232550686888219
    ],
    "[0, 0, 1, 0, 0, 1, 0, 0, 0, 0, 0]": [
        -11.994,
        -8.442725404755944,
        -10.413908208260834,
        -3.6256444632251563
    ],
    "[1, 0, 0, 0, 0, 0, 0, 0, 1, 0, 0]": [
        -0.542,
        56.46383603855071,
        -6.0,
        -0.5704793563039008
    ],
    "[0, 0, 1, 0, 0, 0, 0, 0, 1, 0, 0]": [
        0.39217280797840814,
        134.81026961100173,
        27.291925788124487,
        26.919334801289295
    ],
    "[0, 0, 0, 1, 0, 0, 0, 0, 0, 1, 0]": [
        -0.9640437972739868,
        -6.0,
        127.19958310279445,
        -5.180000000000001
    ],
    "[0, 1, 0, 0, 0, 0, 0, 0, 1, 0, 0]": [
        -0.2,
        134.41629157261153,
        21.67313467920427,
        -3.090852212930525
    ],
    "[0, 1, 0, 0, 1, 1, 0, 0, 0, 0, 0]": [
        41.62362056276382,
        -11.994,
        -14.966669601907489,
        -11.994
    ],
    "[0, 0, 0, 1, 0, 0, 0, 0, 0, 0, 1]": [
        -6.2697823476000005,
        -6.0,
        0.7428855609228942,
        96.26136403878681
    ],
    "[0, 0, 0, 1, 0, 0, 1, 0, 1, 0, 0]": [
        -0.2,
        -6.0,
        34.827495031325554,
        -1.2012705968839006
    ],
    "[0, 1, 0, 0, 1, 1, 0, 1, 0, 0, 0]": [
        37.203363092910195,
        -6.0,
        -0.9085753586591834,
        -6.0
    ],
    "[0, 0, 0, 1, 1, 0, 0, 1, 0, 0, 0]": [
        132.85764552398388,
        18.967748378354823,
        12.96121796280825,
        9.806897540003094
    ],
    "[1, 0, 0, 0, 0, 1, 1, 0, 0, 0, 0]": [
        14.61451458012337,
        -16.91069885884238,
        -17.982006,
        -17.982006
    ],
    "[0, 0, 0, 1, 1, 0, 1, 0, 0, 0, 0]": [
        82.1141636867553,
        -23.397692390426364,
        -3.635947306683491,
        -20.75775818034617
    ],
    "[1, 0, 0, 0, 0, 0, 1, 0, 0, 0, 0]": [
        -3.312633420853272,
        86.93765407955279,
        -6.0,
        -3.426081431632471
    ],
    "[0, 0, 0, 1, 0, 0, 0, 0, 1, 0, 0]": [
        -1.1970039970011999,
        -6.0,
        -2.382161574149066,
        16.766012728903593
    ],
    "[1, 0, 0, 0, 1, 0, 1, 0, 0, 0, 0]": [
        23.549455069654996,
        -12.608318406764075,
        2.7802501629496197,
        119.30971107535473
    ],
    "[0, 0, 0, 1, 1, 0, 0, 0, 0, 0, 0]": [
        93.24519737819193,
        -6.0,
        -11.712174540785671,
        -7.727985722586244
    ],
    "[1, 0, 0, 0, 0, 0, 0, 0, 0, 1, 0]": [
        -6.28452255264,
        7.713182252389933,
        -6.0,
        -1.3011287968101621
    ],
    "[0, 0, 0, 1, 0, 0, 1, 0, 0, 1, 0]": [
        -0.47293335126218,
        -0.2232608563544911,
        137.8036352199685,
        -0.4355098379598399
    ],
    "[0, 0, 0, 1, 0, 0, 1, 0, 0, 0, 0]": [
        97.98568918320521,
        -8.321436871979273,
        -0.6278403387280296,
        -9.312359561907464
    ],
    "[1, 0, 0, 0, 0, 0, 1, 0, 0, 1, 0]": [
        -6.0,
        6.252722110878095,
        -6.0,
        -5.0
    ],
    "[1, 0, 0, 0, 0, 0, 0, 1, 0, 0, 0]": [
        74.15174711288701,
        0.0,
        -3.863442872491449,
        0.0
    ],
    "[0, 0, 1, 0, 0, 0, 0, 0, 1, 1, 0]": [
        -6.0,
        114.17137581975315,
        4.619296047184565,
        -0.26967996200000005
    ],
    "[0, 0, 1, 0, 1, 1, 0, 0, 0, 1, 0]": [
        -6.0,
        -0.97154143826054,
        3.0904695636095125,
        -6.0
    ],
    "[1, 0, 0, 0, 0, 0, 0, 0, 0, 0, 1]": [
        -0.34359644870963263,
        -0.8718951065919065,
        -6.0,
        100.76685162943265
    ],
    "[1, 0, 0, 0, 1, 0, 1, 1, 0, 0, 0]": [
        130.4861808723652,
        -0.7027878163733661,
        19.92604284226801,
        39.83210644323625
    ],
    "[1, 0, 0, 0, 0, 0, 0, 0, 1, 0, 1]": [
        -0.2198,
        71.50393123305115,
        0.0,
        0.0
    ],
    "[0, 1, 0, 0, 0, 0, 0, 0, 1, 1, 0]": [
        -0.12433272005544374,
        135.9545121668553,
        3.3609175405730043,
        0.0
    ],
    "[1, 0, 0, 0, 0, 0, 0, 0, 1, 1, 0]": [
        -0.23958020000000002,
        -0.2,
        -6.0,
        0.0
    ],
    "[0, 0, 1, 0, 1, 1, 0, 0, 0, 0, 0]": [
        -11.994,
        -6.1695433212395905,
        -6.073057268752015,
        -6.0
    ],
    "[0, 1, 0, 0, 1, 0, 1, 0, 0, 0, 0]": [
        -6.0,
        -5.189850811991764,
        -6.0,
        -6.0
    ],
    "[1, 0, 0, 0, 0, 0, 1, 1, 0, 0, 0]": [
        26.36178531653406,
        -0.2,
        -5.683561857194932,
        -5.153880055650994
    ],
    "[0, 0, 0, 1, 0, 0, 0, 1, 0, 0, 1]": [
        132.96579860740016,
        3.2429110235557603,
        0.0,
        0.0
    ],
    "[0, 0, 0, 1, 0, 0, 1, 1, 0, 0, 0]": [
        151.4538874648272,
        6.623158019884887,
        7.88001536634501,
        -0.5366343194972671
    ],
    "[1, 0, 0, 0, 0, 1, 1, 0, 0, 1, 0]": [
        -1.6307193091039247,
        -0.8691016222996975,
        -6.0,
        -6.0
    ],
    "[0, 1, 0, 0, 0, 0, 1, 0, 1, 0, 0]": [
        0.0,
        72.73066159704736,
        0.0,
        0.0
    ],
    "[0, 0, 1, 0, 0, 0, 0, 0, 1, 0, 1]": [
        -6.0,
        128.15932042770334,
        0.0,
        0.0
    ],
    "[0, 0, 1, 0, 1, 1, 1, 0, 0, 0, 0]": [
        -11.994,
        -11.994,
        -4.260394000985358,
        -11.994
    ],
    "[0, 0, 1, 0, 0, 1, 0, 0, 0, 1, 0]": [
        -6.0,
        -0.647036961323909,
        23.917613809381855,
        -0.5866692529973124
    ],
    "[0, 0, 0, 1, 1, 0, 1, 0, 0, 1, 0]": [
        -1.6464975321988282,
        -6.0,
        92.20775932708905,
        -6.2195802
    ],