{
    "[0, 0, 0, 0, 0, 1, 0]": [
        29.17046413542189,
        34.95522598279457,
        84.8301653070365,
        32.96300334121689
    ],
    "[0, 0, 0, 0, 0, 0, 0]": [
        -29.092749955766926,
        45.12962836577666,
        -24.805882693430235,
        -19.553849321833628
    ],
    "[0, 0, 0, 0, 1, 0, 0]": [
        30.906056549345674,
        75.57335979122445,
        15.730794791117875,
        16.829397487020014
    ],
    "[0, 0, 1, 0, 0, 0, 0]": [
        -45.02536976383438,
        3.736413468764595,
        -45.43071748841796,
        -45.06022368459046
    ],
    "[1, 0, 0, 0, 0, 0, 0]": [
        -27.954739255279595,
        -44.86196499585332,
        14.737132724917108,
        -29.82725150421693
    ],
    "[0, 0, 0, 0, 0, 0, 1]": [
        14.811884514021584,
        22.789930022506457,
        10.136342811690348,
        65.73101898319894
    ],
    "[0, 1, 0, 0, 0, 0, 0]": [
        -16.239428782569423,
        -16.957164576710476,
        -1.6961944890016483,
        -17.14665944510004
    ],
    "[0, 1, 1, 0, 0, 0, 0]": [
        -47.321866440562935,
        -37.34224221423307,
        20.64370886417379,
        -23.706450786822405
    ],
    "[0, 0, 0, 1, 0, 0, 0]": [
        65.33347308628545,
        11.091306287755033,
        22.31621743827228,
        15.847160311836017
    ],
    "[0, 0, 0, 1, 0, 1, 0]": [
        43.34841401682692,
        22.32989892832493,
        74.28988992682724,
        23.018104304569928
    ],
    "[0, 1, 0, 0, 0, 0, 1]": [
        -23.740013370996465,
        3.3679656176625596,
        -19.957485498804516,
        -23.964023993999998
    ],
    "[1, 0, 0, 0, 0, 1, 0]": [
        0.0,
        2.89037650127363,
        56.68343575636446,
        4.60833802674791
    ],
    "[1, 0, 1, 1, 0, 0, 0]": [
        51.444256946984055,
        1.9484095294758577,
        -3.0933260782228453,
        15.38582132457913
    ],
    "[0, 0, 0, 1, 1, 0, 0]": [
        102.86939972886891,
        -1.0077399048030768,
        -1.7138270615862397,
        3.6267832410897047
    ],
    "[0, 0, 1, 0, 1, 0, 0]": [
        -6.0,
        58.214822956705454,
        -6.0,
        -6.0
    ],
    "[1, 0, 1, 0, 0, 0, 0]": [
        -43.25996573232002,
        -45.88108725753967,
        -49.8571918140543,
        -37.639663605735656
    ],
    "[1, 0, 0, 1, 0, 0, 0]": [
        62.0683540201427,
        4.9548693425603645,
        15.680338033347741,
        -2.971287339288513
    ],
    "[0, 0, 0, 1, 0, 0, 1]": [
        47.780887981169116,
        -0.7274780467927286,
        21.839886532799902,
        63.41926568557106
    ],
    "[0, 1, 0, 0, 0, 1, 0]": [
        22.69916520601407,
        26.136105244236546,
        58.670905153572626,
        1.1660051207477427
    ],
    "[0, 0, 0, 0, 1, 0, 1]": [
        3.9766348484637737,
        7.2721811815508435,
        1.2366551098522622,
        60.05926043366004
    ],
    "[0, 1, 0, 1, 0, 0, 1]": [
        48.96566146757239,
        0.0,
        0.0,
        -6.0
    ],
    "[1, 1, 0, 0, 0, 0, 0]": [
        -30.202245747710087,
        -46.88609864417075,
        -6.964671883605051,
        -48.30314015383299
    ],
    "[0, 0, 0, 0, 1, 1, 0]": [
        12.986909814569273,
        28.302614452201002,
        70.05906628486267,
        4.606363178583091
    ],
    "[1, 1, 0, 1, 0, 0, 0]": [
        53.79979855230749,
        -11.994,
        -1.8722171095419124,
        -11.659314902213218
    ],
    "[1, 1, 1, 0, 0, 0, 0]": [
        -11.17725514261205,
        -43.1049269635982,
        -41.696758925474285,
        -46.48003932908383
    ],
    "[1, 0, 1, 0, 0, 1, 0]": [
        -13.368388277394097,
        -17.982006,
        42.086935728689724,
        -16.296978463102302
    ],
    "[0, 1, 0, 1, 0, 1, 0]": [
        6.665517963723588,
        1.445901409410825,
        58.34342499986744,
        1.621424574033786
    ],
    "[1, 0, 0, 0, 0, 0, 1]": [
        -2.486542915081275,
        -6.0,
        -6.0,
        45.281269997417134
    ],
    "[1, 0, 0, 1, 0, 1, 0]": [
        68.82527499729233,
        0.0,
        0.0,
        0.0
    ],
    "[1, 0, 0, 1, 0, 0, 1]": [
        61.7540379797811,
        0.0,
        0.0,
        5.9746983913109775
    ],
    "[0, 0, 1, 1, 0, 0, 0]": [
        39.41454422049555,
        2.4735266168067147,
        26.599572364575526,
        20.032439287306353
    ],
    "[0, 0, 1, 0, 0, 0, 1]": [
        27.009238491766613,
        17.738533298638153,
        -5.41783378472301,
        51.97871708017262
    ],
    "[0, 1, 0, 1, 0, 0, 0]": [
        52.30039509422398,
        -6.277414048011596,
        -5.610981227364059,
        -4.116747493670648
    ],
    "[0, 1, 1, 1, 0, 0, 0]": [
        -26.507025094301273,
        -23.566562024987434,
        -19.91030056870101,
        -11.691325835366543
    ],
    "[0, 0, 0, 0, 0, 1, 1]": [
        2.0768461146863704,
        5.3819878859401555,
        86.17445217230234,
        22.072677601939006
    ],
    "[0, 0, 1, 0, 0, 1, 0]": [
        -5.661036817298629,
        -4.465125219850632,
        72.77302642759851,
        -3.7161036409804735
    ],
    "[1, 0, 0, 0, 1, 0, 0]": [
        -5.6,
        75.30121415027588,
        -1.4399900748203471,
        -6.0
    ],
    "[1, 0, 1, 0, 1, 0, 0]": [
        -6.0,
        75.09653162682328,
        0.0,
        -6.0
    ],
    "[0, 0, 1, 1, 0, 0, 1]": [
        -6.8727586095115925,
        0.44265893184972294,
        -6.950180370550698,
        36.266136238486105
    ],
    "[0, 1, 0, 0, 1, 0, 0]": [
        0.7827574978480607,
        64.02419935916338,
        0.0,
        5.262708793564402
    ],
    "[0, 1, 1, 0, 0, 1, 0]": [
        -13.464028940500487,
        0.245234258930775,
        -11.994,
        -11.994
    ],
    "[0, 1, 0, 0, 0, 1, 1]": [
        -0.7379565602727203,
        -5.406811293879713,
        61.852731597523814,
        -6.0
    ],
    "[0, 0, 1, 1, 0, 1, 0]": [
        16.04035380255285,
        -4.281546181266945,
        76.43589509279415,
        -1.5035084756771016
    ],
    "[1, 1, 0, 0, 0, 1, 0]": [
        -5.993349337636489,
        -6.0,
        72.88237095221488,
        0.0
    ],
    "[0, 1, 0, 0, 1, 1, 0]": [
        -6.0,
        -3.6373582287746427,
        71.84845521183911,
        0.0
    ],
    "[1, 0, 0, 0, 1, 1, 0]": [
        -4.434562750785646,
        -0.4949212334476755,
        64.78363956591673,
        0.0
    ],
    "[1, 0, 1, 1, 0, 1, 0]": [
        66.89031069881776,
        0.0,
        0.0,
        0.0
    ],
    "[0, 0, 1, 0, 0, 1, 1]": [
        12.083327066842433,
        0.0,
        0.0,
        0.0
    ],
    "[0, 0, 1, 0, 1, 1, 0]": [
        3.7464675193590153,
        0.0,
        0.0,
        0.0
    ],
    "[0, 1, 0, 1, 1, 0, 0]": [
        -6.0,
        49.076108854692656,
        0.0,
        0.0
    ],
    "[1, 1, 0, 1, 0, 1, 0]": [
        5.283724922787379,
        0.0,
        0.0,
        -6.0
    ],
    "[0, 0, 1, 1, 1, 0, 0]": [
        -0.2,
        -6.0,
        18.76225458175247,
        0.0
    ],
    "[1, 0, 0, 1, 1, 0, 0]": [
        0.0,
        0.0,
        17.837816564443006,
        0.0
    ]
}