{
    "[1, 0, 0, 0, 0, 0, 0, 0, 0, 0, 0]": [
        -5.088019414252802,
        8.267467810552791,
        -2.301617351909284,
        -23.60471251939205
    ],
    "[0, 0, 1, 0, 0, 0, 0, 0, 0, 0, 0]": [
        -9.14414537116406,
        -14.548866317463645,
        -7.004749313511405,
        -9.841043790475068
    ],
    "[0, 0, 1, 0, 0, 0, 0, 0, 0, 1, 0]": [
        -0.11881,
        -10.84,
        18.111759866977774,
        -0.1
    ],
    "[0, 0, 0, 1, 0, 0, 0, 0, 0, 0, 1]": [
        -9.834863518087486,
        -3.4688124800650493,
        -4.0999,
        26.065896571953303
    ],
    "[0, 0, 0, 1, 0, 0, 0, 0, 0, 0, 0]": [
        -23.84405763162302,
        2.828363587687852,
        -0.42331260959570405,
        9.549044252510528
    ],
    "[0, 0, 1, 0, 0, 0, 0, 0, 0, 0, 1]": [
        -0.14391205390000003,
        -4.0,
        -4.0,
        12.670701088745485
    ],
    "[0, 0, 0, 1, 0, 0, 0, 0, 0, 1, 0]": [
        -6.449311608018688,
        -0.12545843768479,
        23.370801986340556,
        -0.1
    ],
    "[0, 1, 0, 0, 1, 0, 0, 0, 0, 1, 0]": [
        -0.6084857759068456,
        -0.6418264936404099,
        -4.0,
        1.954978405094321
    ],
    "[0, 0, 1, 0, 0, 1, 0, 0, 0, 0, 0]": [
        -4.677744554025092,
        -7.996,
        -8.072386573887865,
        8.186927285229086
    ],
    "[1, 0, 0, 0, 0, 1, 0, 0, 0, 0, 0]": [
        -4.0,
        8.430579505457047,
        -4.0,
        -7.6
    ],
    "[0, 1, 0, 0, 0, 0, 0, 0, 0, 0, 0]": [
        -6.3614563817117755,
        1.1486987706056913,
        -31.504841064065285,
        13.148189031359045
    ],
    "[1, 0, 0, 0, 0, 1, 0, 0, 1, 0, 0]": [
        -4.0,
        13.972093883731597,
        -4.0,
        -4.0
    ],
    "[0, 0, 0, 1, 0, 0, 1, 0, 0, 0, 0]": [
        -20.35472770923379,
        -3.68592878773558,
        7.560248526545662,
        -5.298868414585156
    ],
    "[1, 0, 0, 0, 0, 0, 0, 0, 0, 0, 1]": [
        -4.192900937231386,
        3.830903694366752,
        -4.0999,
        -4.0
    ],
    "[1, 0, 0, 0, 0, 0, 0, 0, 1, 0, 0]": [
        -4.0999,
        22.669288839759545,
        -0.46814097808202837,
        -4.0
    ],
    "[0, 0, 0, 1, 0, 0, 0, 0, 1, 0, 0]": [
        -11.394201415540333,
        26.455016863464717,
        0.31783734735036545,
        2.765616337273101
    ],
    "[1, 0, 0, 0, 1, 0, 0, 0, 0, 0, 1]": [
        -15.976015996000001,
        -15.976015996000001,
        -11.988004,
        -11.988004
    ],
    "[1, 0, 0, 0, 1, 0, 0, 0, 0, 0, 0]": [
        -71.39125179419787,
        -71.39125179419787,
        -71.39125179419787,
        -67.45871050470258
    ],
    "[0, 0, 0, 1, 1, 0, 0, 0, 0, 0, 0]": [
        -16.809932832857186,
        4.907053292190698,
        -5.722420480470971,
        -4.971029073725983
    ],
    "[0, 1, 0, 0, 1, 1, 0, 0, 0, 0, 0]": [
        -4.096869738168364,
        -13.39953143840906,
        -20.502423546221287,
        10.950454211058036
    ],
    "[0, 1, 0, 0, 0, 0, 0, 0, 0, 1, 0]": [
        -3.3000003604469637,
        5.11798808264062,
        -4.0,
        -2.6338006596271644
    ],
    "[0, 1, 0, 0, 1, 0, 0, 0, 0, 0, 0]": [
        -12.57537982017476,
        -2.253780150915421,
        -24.118469822338287,
        8.06121847055735
    ],
    "[0, 1, 0, 0, 1, 1, 1, 0, 0, 0, 0]": [
        13.063722612235079,
        -14.706436277290221,
        -22.19509251571143,
        -10.477237586470691
    ],
    "[0, 0, 1, 0, 1, 1, 0, 0, 0, 0, 0]": [
        17.94073426569843,
        -22.47931049298492,
        -4.9120338391407925,
        -23.108234023910576
    ],
    "[1, 0, 0, 0, 0, 0, 0, 1, 0, 0, 0]": [
        -6.99838873124251,
        1.7442162181895364,
        -4.529339588326891,
        -7.581914460730665
    ],
    "[0, 0, 1, 0, 0, 0, 0, 1, 0, 0, 0]": [
        -2.2137568976742243,
        -5.783649473136588,
        -4.340057194884113,
        4.339785402070214
    ],
    "[0, 1, 0, 0, 1, 0, 0, 0, 1, 0, 0]": [
        -0.30792580298046307,
        18.899808519978343,
        -6.969171266901412,
        -0.4798165031172802
    ],
    "[0, 0, 1, 0, 0, 0, 0, 0, 1, 0, 0]": [
        -4.0999,
        -4.0,
        -0.2694008099755335,
        -0.9186411736701622
    ],
    "[1, 0, 0, 0, 1, 0, 1, 0, 0, 0, 0]": [
        -16.47389164208784,
        -15.976015996000001,
        -16.988651937530108,
        -15.600272747279455
    ],
    "[1, 0, 0, 0, 0, 0, 1, 0, 0, 0, 0]": [
        3.00121203472458,
        -7.846371480530204,
        -5.154476001448714,
        -11.612170309900002
    ],
    "[0, 1, 0, 0, 0, 0, 0, 0, 1, 0, 0]": [
        -0.19,
        26.274625048457153,
        -7.291462377156611,
        0.6713307165145314
    ],
    "[0, 0, 1, 0, 0, 0, 0, 0, 1, 1, 0]": [
        -0.1,
        0.0,
        0.0,
        0.0
    ],
    "[0, 0, 0, 1, 1, 1, 1, 0, 0, 0, 0]": [
        -7.996,
        -10.524955642936145,
        -8.407881199300235,
        7.031659891014108
    ],
    "[1, 0, 0, 0, 0, 0, 0, 0, 0, 1, 0]": [
        -0.5578716006137562,
        1.0899245387600653,
        24.00305717382664,
        -16.828145182819284
    ],
    "[0, 0, 0, 1, 0, 0, 1, 0, 0, 1, 0]": [
        -6.4419730925869425,
        0.9177821924071624,
        20.810480508092567,
        -0.1
    ],
    "[0, 0, 1, 0, 0, 1, 0, 0, 1, 0, 0]": [
        -4.1997001,
        -4.0,
        1.2449188023982476,
        -0.5100986937814703
    ],
    "[0, 0, 0, 1, 1, 0, 1, 0, 0, 0, 0]": [
        -6.841702552703347,
        2.3719820524124335,
        -2.120405166829984,
        -4.11869119
    ],
    "[1, 0, 0, 0, 0, 0, 0, 0, 1, 0, 1]": [
        -0.1099,
        8.219922450523315,
        0.0,
        0.0
    ],
    "[0, 1, 0, 0, 0, 0, 0, 1, 0, 0, 0]": [
        -6.4195784344230935,
        -5.590076970042358,
        -19.778196724718274,
        9.103282874258468
    ],
    "[0, 0, 0, 1, 0, 0, 0, 0, 0, 1, 1]": [
        -4.0,
        -0.11881,
        4.38639638479807,
        0.0
    ],
    "[1, 0, 0, 0, 0, 0, 1, 1, 0, 0, 0]": [
        11.112915962654801,
        0.0,
        0.0,
        0.0
    ],
    "[0, 1, 0, 0, 0, 0, 0, 0, 0, 0, 1]": [
        -1.6840447186260468,
        -0.4180859795231077,
        -4.0,
        25.73291568711394
    ],
    "[0, 1, 0, 0, 0, 1, 0, 0, 0, 0, 0]": [
        -2.9325205421897986,
        5.7838873976326,
        -4.0,
        -3.5790252808070124
    ],
    "[0, 1, 0, 0, 1, 0, 0, 1, 0, 0, 0]": [
        -2.7399162047519114,
        5.850541902440721,
        -4.0,
        -1.6579809549094566
    ],
    "[0, 0, 1, 0, 0, 1, 0, 1, 0, 0, 0]": [
        -2.819582084888266,
        -4.0,
        -4.493336144014694,
        13.15593898906875
    ],
    "[1, 0, 0, 0, 0, 0, 0, 1, 0, 1, 0]": [
        3.4006321792556626,
        -1.5167895898628965,
        23.951957754171055,
        -6.302975465144344
    ],
    "[0, 0, 0, 1, 1, 0, 0, 1, 0, 0, 0]": [
        -4.0,
        5.364690846243206,
        -0.612657465003253,
        -0.45517331218363555
    ],
    "[0, 0, 0, 1, 1, 0, 0, 0, 0, 0, 1]": [
        -4.0,
        -0.6414186480500282,
        -0.34390000000000004,
        13.365326371309342
    ],
    "[0, 1, 0, 0, 0, 0, 0, 0, 1, 0, 1]": [
        -0.12099812276647426,
        -0.1099,
        -4.0,
        20.454322883431303
    ],
    "[0, 0, 1, 0, 0, 0, 0, 0, 0, 1, 1]": [
        -0.21269803629415387,
        -4.0,
        -0.1,
        0.0
    ],
    "[0, 0, 0, 1, 1, 0, 0, 0, 0, 1, 0]": [
        -4.0,
        -0.11881,
        7.86257726949368,
        -0.19
    ],
    "[0, 1, 0, 0, 0, 0, 0, 1, 0, 1, 0]": [
        3.4021888121841775,
        0.0,
        0.0,
        0.0
    ],
    "[0, 0, 0, 1, 0, 0, 0, 1, 0, 0, 0]": [
        -10.774869385768216,
        -0.7487925773466488,
        -4.782141154071873,
        7.753148027129961
    ],
    "[1, 0, 0, 0, 0, 0, 1, 0, 0, 1, 0]": [
        0.35559746550073446,
        -6.803254772373768,
        -4.399602227469183,
        -10.632043903627633
    ],