{
    "[0, 0, 0, 0, 0, 1, 0]": [
        42.45302141520795,
        42.57142580263839,
        78.56936692714305,
        39.7368471321149
    ],
    "[0, 0, 0, 0, 0, 0, 0]": [
        13.705884269243597,
        30.354409909443053,
        9.888116540999668,
        17.270905435342016
    ],
    "[0, 0, 0, 0, 1, 0, 0]": [
        23.111666212630002,
        78.63997578136326,
        25.175264255272293,
        22.530219464182146
    ],
    "[0, 0, 1, 0, 0, 0, 0]": [
        -18.461505436581117,
        16.71765664071735,
        -52.68763486566837,
        -62.11976023716981
    ],
    "[1, 0, 0, 0, 0, 0, 0]": [
        -29.187915616534397,
        -54.142674453035944,
        0.2977422650927706,
        -26.825748709855418
    ],
    "[0, 0, 0, 0, 0, 0, 1]": [
        33.07908043394734,
        40.157672905573946,
        17.16619763804643,
        71.4794531144006
    ],
    "[0, 1, 0, 0, 0, 0, 0]": [
        -5.478432117766221,
        0.23303578259183372,
        -12.435935549956668,
        -36.459226703996606
    ],
    "[0, 1, 1, 0, 0, 0, 0]": [
        -39.14078424257594,
        -37.915268390734276,
        -10.2747380499445,
        8.348440729169573
    ],
    "[0, 0, 0, 1, 0, 0, 0]": [
        81.1705640742413,
        28.303577315231447,
        34.979173337136416,
        35.28151780438167
    ],
    "[0, 0, 0, 1, 0, 1, 0]": [
        20.686512788423897,
        20.19902812641132,
        88.80888819132788,
        24.315942371445317
    ],
    "[0, 1, 0, 0, 0, 0, 1]": [
        -23.740013370996465,
        28.862920173873746,
        -20.521669662185328,
        -23.964023993999998
    ],
    "[1, 0, 0, 0, 0, 1, 0]": [
        0.0,
        2.2471703665251708,
        86.19960427858713,
        2.1774637422675185
    ],
    "[1, 0, 1, 1, 0, 0, 0]": [
        71.15920620635262,
        -1.201716391717926,
        -0.7570095849429643,
        9.622307299417976
    ],
    "[0, 0, 0, 1, 1, 0, 0]": [
        101.79056584826044,
        -6.0,
        -1.7138270615862397,
        3.693521666827125
    ],
    "[0, 0, 1, 0, 1, 0, 0]": [
        -6.0,
        87.33664657535135,
        -6.0,
        -6.0
    ],
    "[1, 0, 1, 0, 0, 0, 0]": [
        -2.3799687802326686,
        -39.223481250938136,
        -31.387842913941476,
        -9.855618590638976
    ],
    "[1, 0, 0, 1, 0, 0, 0]": [
        78.10295514212763,
        3.4589731837077937,
        -1.8139036802449642,
        -0.2301235190595201
    ],
    "[0, 0, 0, 1, 0, 0, 1]": [
        79.24933239012165,
        -7.892122236633733,
        19.806127368261123,
        20.918944143951983
    ],
    "[0, 1, 0, 0, 0, 1, 0]": [
        13.90601024778542,
        15.10375208209566,
        77.73852267020061,
        0.30901031864951467
    ],
    "[0, 0, 0, 0, 1, 0, 1]": [
        -11.994,
        0.4807569864981627,
        -0.4056993628825818,
        80.461246333303
    ],
    "[0, 1, 0, 1, 0, 0, 1]": [
        39.15892598317944,
        0.0,
        0.0,
        -6.0
    ],
    "[1, 1, 0, 0, 0, 0, 0]": [
        -35.66241007033069,
        -41.95302320100279,
        15.227450058183035,
        -44.7186971159177
    ],
    "[0, 0, 0, 0, 1, 1, 0]": [
        2.710809377507097,
        6.8350926043751485,
        88.39750200477478,
        2.7247736116879904
    ],
    "[1, 1, 0, 1, 0, 0, 0]": [
        66.08805964279642,
        -11.994,
        -1.8722171095419124,
        -11.994
    ],
    "[1, 1, 1, 0, 0, 0, 0]": [
        13.641311110875542,
        -42.71185298935313,
        -41.26437421664834,
        -44.33045554191146
    ],
    "[1, 0, 1, 0, 0, 1, 0]": [
        20.607188250162054,
        -6.0,
        -8.054379038575544,
        -6.0
    ],
    "[0, 1, 0, 1, 0, 1, 0]": [
        0.7750380464973405,
        -0.7359513445237509,
        79.20979635446459,
        0.0
    ],
    "[1, 0, 0, 0, 0, 0, 1]": [
        -2.486542915081275,
        -6.0,
        -6.0,
        50.111727202826685
    ],
    "[1, 0, 0, 1, 0, 1, 0]": [
        78.36664365985948,
        0.0,
        0.0,
        0.0
    ],
    "[1, 0, 0, 1, 0, 0, 1]": [
        80.00902996389767,
        0.0,
        0.0,
        0.0
    ],
    "[0, 0, 1, 1, 0, 0, 0]": [
        88.28461048238091,
        7.1063109799705515,
        18.976569943748135,
        14.913022972208662
    ],
    "[0, 0, 1, 0, 0, 0, 1]": [
        19.32302563738725,
        15.247197010260408,
        -2.945768700836274,
        82.76627628346526
    ],
    "[0, 1, 0, 1, 0, 0, 0]": [
        82.98215535417353,
        -7.460854864152868,
        -5.610981227364059,
        -5.276004121600569
    ],
    "[0, 1, 1, 1, 0, 0, 0]": [
        -23.964023993999998,
        -23.566562024987434,
        -22.317773255000272,
        22.75260130364643
    ],
    "[0, 0, 0, 0, 0, 1, 1]": [
        2.0768461146863704,
        6.69435885609181,
        103.57463241315581,
        9.047736611578848
    ],
    "[0, 0, 1, 0, 0, 1, 0]": [
        -5.661036817298629,
        -2.1799784934174307,
        89.28914104988048,
        -3.7161036409804735
    ],
    "[1, 0, 0, 0, 1, 0, 0]": [
        -5.6,
        77.3261222425327,
        -1.4399900748203471,
        -6.0
    ],
    "[1, 0, 1, 0, 1, 0, 0]": [
        -6.0,
        67.27393872332732,
        0.0,
        -6.0
    ],
    "[0, 0, 1, 1, 0, 0, 1]": [
        -6.16661441979566,
        -2.6676646851336487,
        -6.083876901579081,
        73.7384121795324
    ],
    "[0, 1, 0, 0, 1, 0, 0]": [
        -5.224424136299444,
        76.56203821292368,
        0.0,
        3.2948833671040165
    ],
    "[0, 1, 1, 0, 0, 1, 0]": [
        -13.464028940500487,
        -2.452629966871031,
        -11.994,
        -11.994
    ],
    "[0, 1, 0, 0, 0, 1, 1]": [
        -0.7379565602727203,
        -5.406811293879713,
        61.9205332866957,
        -6.0
    ],
    "[0, 0, 1, 1, 0, 1, 0]": [
        7.050382835252142,
        -6.0,
        89.3729092251181,
        -0.9836993241006754
    ],
    "[1, 1, 0, 0, 0, 1, 0]": [
        -5.993349337636489,
        -6.0,
        73.16458425649719,
        0.0
    ],
    "[0, 1, 0, 0, 1, 1, 0]": [
        -6.0,
        -3.6373582287746427,
        77.22213321410233,
        0.0
    ],
    "[1, 0, 0, 0, 1, 1, 0]": [
        -4.434562750785646,
        -0.4949212334476755,
        54.46566638507985,
        0.0
    ],
    "[1, 0, 1, 1, 0, 1, 0]": [
        69.33535133303783,
        0.0,
        0.0,
        0.0
    ],
    "[0, 0, 1, 0, 0, 1, 1]": [
        10.84791550900521,
        0.0,
        0.0,
        0.0
    ],
    "[0, 0, 1, 0, 1, 1, 0]": [
        -2.2572789481603444,
        0.0,
        0.0,
        0.0
    ],
    "[0, 1, 0, 1, 1, 0, 0]": [
        -6.0,
        22.516305055732275,
        0.0,
        0.0
    ],
    "[1, 1, 0, 1, 0, 1, 0]": [
        0.0,
        0.0,
        0.0,
        -6.0
    ],
    "[0, 0, 1, 1, 1, 0, 0]": [
        -0.2,
        -6.0,
        11.570403875863526,
        0.0
    ],
    "[1, 0, 0, 1, 1, 0, 0]": [
        0.0,
        0.0,
        5.31824576402793,
        0.0
    ]
}