{
    "[0, 1, 0, 0, 0, 1, 0]": [
        -2.1433989721501945,
        -0.6749426884102019,
        25.600029894008426,
        -9.848593618656485
    ],
    "[0, 0, 0, 0, 0, 0, 0]": [
        -53.37209676236403,
        -18.606037057795497,
        -50.76594070172569,
        -53.88945435231549
    ],
    "[0, 0, 0, 0, 1, 0, 0]": [
        -13.16546912804019,
        32.420520556081925,
        -16.375437736126326,
        -17.28942078202042
    ],
    "[0, 0, 0, 0, 0, 0, 1]": [
        -18.32512132902957,
        -12.405172991237599,
        -20.1502150064101,
        28.99557463098079
    ],
    "[0, 0, 0, 1, 0, 0, 0]": [
        21.503875653477294,
        -7.539613797492963,
        -14.510327319253502,
        -6.5929673545408045
    ],
    "[0, 1, 0, 0, 0, 0, 0]": [
        -24.440332367213507,
        -34.745801011340276,
        -31.834629423476997,
        -31.38990069544373
    ],
    "[0, 1, 1, 0, 0, 0, 0]": [
        -57.073628391162366,
        -54.956328228994096,
        -42.942650702085004,
        -35.26533554948966
    ],
    "[0, 0, 1, 0, 0, 0, 0]": [
        -63.0684540430457,
        -61.18690727372637,
        -61.60733538287695,
        -54.80277475041967
    ],
    "[0, 1, 0, 1, 0, 0, 0]": [
        -7.128411737844136,
        -3.527077787108705,
        -5.6,
        -6.0
    ],
    "[0, 0, 0, 0, 1, 0, 1]": [
        -0.2,
        -0.9249524858655103,
        -6.0,
        14.462393847645705
    ],
    "[0, 0, 0, 0, 0, 1, 0]": [
        -11.556148392044031,
        -3.1741863910964767,
        28.20160299174937,
        -6.853916822267971
    ],
    "[0, 1, 0, 1, 0, 1, 0]": [
        10.824644111254383,
        0.0,
        0.0,
        -6.0
    ],
    "[1, 0, 0, 0, 0, 1, 0]": [
        -1.5041604591018205,
        -2.154753192422997,
        4.949465788602976,
        -6.0
    ],
    "[1, 0, 1, 0, 0, 0, 0]": [
        -40.855554757368026,
        -45.31677354926131,
        -49.89803898560408,
        -31.887220384811847
    ],
    "[1, 1, 0, 0, 0, 0, 0]": [
        -34.87665857792447,
        -35.91011991003599,
        -40.312951265042344,
        -35.91011991003599
    ],
    "[1, 0, 0, 0, 0, 0, 0]": [
        -34.80689938789035,
        -41.572755727286875,
        -43.56021265389861,
        -39.557577452216265
    ],
    "[0, 0, 1, 0, 0, 0, 1]": [
        -2.5086204245151187,
        -2.9183853967478526,
        -10.097909344482016,
        4.484872322063655
    ],
    "[0, 0, 0, 1, 0, 1, 0]": [
        0.0,
        0.0,
        29.576087036370698,
        0.0
    ],
    "[0, 0, 0, 1, 0, 0, 1]": [
        15.282948367178932,
        1.5522925247382071,
        0.0,
        0.0
    ],
    "[1, 0, 0, 0, 1, 0, 0]": [
        -0.38,
        5.5477199341892565,
        -2.28563510101935,
        -6.0
    ],
    "[0, 1, 1, 1, 0, 0, 0]": [
        -11.994,
        -11.994,
        -10.958042677826887,
        -9.968756224997612
    ],
    "[1, 0, 0, 0, 0, 0, 1]": [
        -2.7065501023246927,
        -6.0,
        -6.0,
        3.797787546342466
    ],
    "[0, 0, 0, 0, 1, 1, 0]": [
        -0.8527070791802001,
        -1.0390416395062656,
        29.034506397321554,
        0.0
    ],
    "[1, 0, 1, 1, 0, 0, 0]": [
        10.486885869827539,
        -14.179050795563994,
        -10.553728513839793,
        -1.5864189170507712
    ],
    "[1, 0, 0, 1, 0, 0, 0]": [
        18.598154247901682,
        -9.694977016547089,
        -6.0,
        -1.9543230417021746
    ],
    "[0, 0, 1, 1, 0, 0, 0]": [
        2.832640526367912,
        -4.598276498714381,
        0.0,
        0.0
    ],
    "[0, 1, 0, 0, 0, 0, 1]": [
        -12.5395393161596,
        -11.5825698982935,
        -12.9842127930042,
        -11.994
    ],
    "[0, 0, 1, 0, 0, 1, 0]": [
        -0.3006694024665333,
        -6.0,
        5.9759627436041995,
        0.0
    ],
    "[1, 1, 0, 1, 0, 0, 0]": [
        5.535748175645503,
        -6.0,
        -5.955563586425524,
        -6.0
    ],
    "[0, 0, 0, 0, 0, 1, 1]": [
        -6.0,
        -2.260098209428056,
        36.87585626141173,
        -6.0
    ],
    "[0, 1, 0, 1, 0, 0, 1]": [
        -0.47752718917111353,
        0.0,
        0.0,
        0.0
    ],
    "[0, 0, 1, 0, 1, 1, 0]": [
        -6.0,
        0.0,
        0.0,
        0.0
    ],
    "[0, 0, 1, 1, 0, 1, 0]": [
        5.680804215756664,
        0.0,
        0.0,
        0.0
    ],
    "[1, 1, 1, 0, 0, 0, 0]": [
        -24.647758140654034,
        -29.940059970005997,
        -29.940059970005997,
        -29.940059970005997
    ],
    "[0, 0, 1, 0, 1, 0, 0]": [
        -11.994,
        8.418680324072328,
        -6.0,
        -6.0
    ],
    "[0, 1, 0, 0, 1, 0, 0]": [
        -6.0,
        -5.559260180000001,
        -3.8699275304570206,
        -6.477289232686896
    ],
    "[0, 1, 0, 0, 0, 1, 1]": [
        -1.9500329183390268,
        -1.634411555695374,
        -0.5994002,
        -6.0
    ],
    "[0, 0, 1, 1, 0, 0, 1]": [
        18.61748201521137,
        -1.0147653287734044,
        -4.64296483456158,
        0.0
    ],
    "[0, 1, 0, 0, 1, 1, 0]": [
        -6.0,
        -0.25542218,
        0.0,
        0.0
    ],
    "[0, 0, 0, 1, 1, 0, 0]": [
        -6.0,
        34.627314147723915,
        0.0,
        -6.0
    ],
    "[1, 0, 1, 0, 0, 1, 0]": [
        -1.656334821067963,
        -6.0,
        0.0,
        0.0
    ],
    "[1, 0, 1, 0, 1, 0, 0]": [
        -6.0,
        0.0,
        0.0,
        0.0
    ],
    "[1, 1, 0, 0, 0, 1, 0]": [
        0.14236931439470266,
        -2.790098468920178,
        0.0,
        0.0
    ],
    "[0, 1, 1, 0, 0, 1, 0]": [
        -1.8984831955265067,
        -3.061650850064588,
        0.0,
        0.0
    ]
}