{
    "[1, 0, 0, 0, 0, 1, 0, 0, 0, 0, 0, 0, 0]": [
        -4.546417134559,
        -5.780756392124534,
        -1.7247537633232985,
        -20.5573829099
    ],
    "[1, 0, 0, 0, 0, 1, 0, 0, 0, 0, 0, 1, 0]": [
        -0.7193370941050335,
        -0.7551024175895737,
        -3.0632987305621135,
        -5.0
    ],
    "[0, 0, 1, 0, 0, 0, 1, 0, 0, 0, 0, 1, 0]": [
        -0.2635257812029383,
        -5.0,
        0.0,
        0.0
    ],
    "[1, 0, 0, 0, 0, 1, 0, 0, 0, 0, 0, 0, 1]": [
        -0.6688419721541154,
        -0.7320121131940915,
        -0.55900089955009,
        -9.5099
    ],
    "[0, 0, 0, 1, 1, 0, 0, 0, 0, 0, 0, 0, 0]": [
        -13.559899999999999,
        -2.3165974298663845,
        -2.1093080831449185,
        -4.7614555011935575
    ],
    "[1, 0, 0, 0, 0, 1, 0, 0, 0, 0, 1, 0, 0]": [
        -0.19,
        0.06499086081807122,
        -0.1,
        -5.0
    ],
    "[0, 0, 1, 0, 1, 0, 1, 0, 0, 0, 1, 0, 0]": [
        -5.0,
        -5.0,
        -0.1,
        0.0
    ],
    "[0, 0, 1, 0, 0, 0, 1, 0, 0, 0, 0, 0, 0]": [
        -2.1954868249502435,
        -13.58787348851,
        -5.47896882714698,
        -2.267490430943546
    ],
    "[1, 0, 0, 0, 0, 1, 0, 1, 0, 0, 0, 0, 0]": [
        -1.1596691886224537,
        -1.227061169455377,
        -5.0,
        -9.5099
    ],
    "[0, 0, 1, 0, 0, 0, 1, 1, 0, 0, 0, 0, 0]": [
        -4.478771209450091,
        -5.0,
        -5.0,
        -2.698390941214628
    ],
    "[0, 1, 0, 0, 0, 0, 0, 1, 0, 0, 0, 0, 0]": [
        -5.755781343301018,
        -2.9976061465480983,
        -9.5,
        -4.849375329724431
    ],
    "[0, 0, 0, 1, 1, 0, 1, 0, 0, 0, 0, 0, 0]": [
        -9.5099,
        -5.0,
        -1.1977671699908923,
        -1.2461576757084607
    ],
    "[0, 0, 0, 1, 1, 1, 0, 0, 0, 0, 0, 0, 0]": [
        -5.0,
        -1.616905528930407,
        -5.0,
        -1.7670505408880997
    ],
    "[1, 0, 0, 0, 1, 1, 0, 0, 0, 0, 0, 0, 1]": [
        -5.0,
        -0.24322081886695082,
        0.0,
        0.0
    ],
    "[1, 0, 0, 0, 1, 1, 0, 0, 0, 0, 0, 0, 0]": [
        -5.0,
        -0.24436017351340095,
        -0.19,
        -5.0
    ],
    "[1, 0, 0, 0, 1, 1, 0, 1, 0, 0, 0, 0, 0]": [
        -5.0,
        -0.1816589687496052,
        0.0,
        0.0
    ],
    "[1, 0, 0, 0, 0, 1, 0, 0, 0, 1, 0, 0, 0]": [
        4.39915520382981,
        -4.09,
        -0.5057558667692301,
        -5.0
    ],
    "[1, 0, 0, 0, 0, 1, 1, 0, 0, 0, 0, 0, 0]": [
        -5.4005210811593,
        -5.0,
        -1.4277008245382743,
        -5.0
    ],
    "[1, 0, 0, 0, 0, 1, 0, 1, 0, 0, 1, 0, 0]": [
        -0.19,
        -0.1,
        -5.0,
        -5.0
    ],
    "[0, 0, 1, 0, 1, 0, 1, 1, 0, 0, 1, 0, 0]": [
        -5.0,
        -5.0,
        0.0,
        0.0
    ],
    "[0, 0, 1, 0, 0, 0, 1, 0, 0, 1, 0, 0, 0]": [
        11.193127375650679,
        -5.0,
        -0.6733430499686939,
        -0.7840493592520774
    ],
    "[0, 0, 1, 0, 1, 0, 1, 1, 0, 0, 0, 0, 0]": [
        -5.0,
        0.0,
        0.0,
        0.0
    ],
    "[0, 1, 0, 0, 0, 0, 0, 1, 0, 1, 0, 0, 0]": [
        -0.26003643282105404,
        -0.19,
        -9.5,
        -0.14930265478256285
    ],
    "[0, 0, 0, 1, 1, 0, 0, 0, 0, 1, 0, 0, 0]": [
        -5.0,
        -0.2997001,
        -0.24507346086971735,
        -0.6564506950155531
    ],
    "[0, 0, 1, 0, 0, 0, 1, 0, 0, 0, 0, 0, 1]": [
        -0.20881,
        -5.0,
        -0.3217754400724746,
        -4.0
    ],
    "[0, 1, 0, 0, 0, 0, 0, 1, 0, 0, 1, 0, 0]": [
        -0.19,
        -0.1,
        -5.0,
        -0.1707442019290777
    ],
    "[0, 0, 1, 0, 0, 0, 1, 0, 0, 0, 1, 0, 0]": [
        -0.1,
        -5.0,
        -0.1278091,
        0.0
    ],
    "[0, 0, 0, 1, 1, 0, 0, 0, 0, 0, 1, 0, 0]": [
        -5.0,
        6.0402383138430125,
        0.0,
        0.0
    ],
    "[0, 0, 0, 1, 1, 0, 0, 0, 0, 0, 0, 0, 1]": [
        -5.0,
        -0.5566304469882983,
        -0.39867673959009997,
        2.754953766643107
    ],
    "[1, 0, 0, 0, 0, 1, 0, 1, 0, 0, 0, 0, 1]": [
        -0.2929926627869839,
        -0.1,
        -5.0,
        -5.0
    ],
    "[0, 0, 0, 1, 1, 0, 0, 0, 0, 0, 0, 1, 0]": [
        -5.0,
        -0.6198379706079917,
        -0.399058407570111,
        -0.40951000000000004
    ],
    "[1, 0, 0, 0, 0, 1, 1, 0, 0, 1, 0, 0, 0]": [
        2.17841332601327,
        -5.0,
        0.0,
        0.0
    ],
    "[0, 0, 0, 1, 1, 1, 0, 0, 0, 0, 0, 0, 1]": [
        -5.0,
        -0.22087346209196507,
        -5.0,
        -0.1
    ],
    "[0, 0, 1, 0, 1, 0, 1, 0, 0, 0, 0, 0, 0]": [
        -5.0,
        -5.0,
        -0.21253075451209003,
        -0.19
    ],
    "[0, 1, 0, 0, 0, 0, 1, 1, 0, 1, 0, 0, 0]": [
        2.3321244935578203,
        -5.0,
        -5.0,
        -0.1
    ],
    "[0, 0, 1, 0, 0, 1, 1, 0, 0, 0, 0, 0, 0]": [
        -0.1099,
        -5.0,
        0.0,
        0.0
    ],
    "[1, 0, 0, 0, 0, 1, 0, 1, 0, 1, 0, 0, 0]": [
        -0.19,
        -0.19,
        -5.0,
        -5.0
    ],
    "[0, 0, 1, 0, 0, 0, 1, 1, 0, 1, 0, 0, 1]": [
        -0.1,
        -5.0,
        0.0,
        0.0
    ],
    "[0, 0, 1, 0, 0, 0, 1, 1, 0, 1, 0, 0, 0]": [
        -0.1,
        -5.0,
        -5.0,
        0.0
    ],
    "[0, 0, 0, 1, 1, 1, 0, 0, 0, 1, 0, 0, 0]": [
        0.0,
        0.0,
        0.0,
        -0.1
    ],
    "[0, 0, 0, 1, 1, 0, 1, 0, 0, 1, 0, 0, 0]": [
        -5.0,
        -5.0,
        0.0,
        0.0
    ],
    "[1, 0, 0, 0, 0, 1, 1, 1, 0, 0, 0, 0, 0]": [
        -0.9186554620084593,
        -5.0,
        -5.0,
        -5.0
    ],
    "[1, 0, 0, 0, 1, 1, 0, 0, 0, 0, 1, 0, 0]": [
        -5.0,
        0.0,
        0.0,
        0.0
    ],
    "[0, 1, 0, 0, 0, 0, 0, 1, 0, 0, 0, 0, 1]": [
        -0.4127261282130993,
        -0.25724476891000003,
        -5.0,
        3.2160095260201818
    ],
    "[0, 1, 0, 0, 0, 0, 0, 1, 0, 0, 0, 1, 0]": [
        -0.4404172721238754,
        -0.2652022288342892,
        -5.0,
        -0.19990000000000002
    ],
    "[0, 1, 0, 0, 0, 0, 1, 1, 0, 0, 0, 0, 0]": [
        -1.4218166128676737,
        -5.0,
        -5.0,
        -0.908275450846399
    ],
    "[0, 0, 1, 0, 0, 0, 1, 1, 0, 0, 0, 0, 1]": [
        -0.12771109,
        -5.0,
        0.0,
        0.0
    ],
    "[0, 0, 1, 0, 0, 0, 1, 0, 0, 1, 0, 1, 0]": [
        -0.12967030990000003,
        -5.0,
        1.845941477746132,
        0.0
    ],
    "[0, 1, 0, 0, 1, 0, 0, 1, 0, 0, 0, 1, 0]": [
        -5.0,
        0.0,
        0.0,
        0.0
    ],
    "[0, 0, 1, 0, 0, 0, 1, 0, 0, 1, 0, 0, 1]": [
        2.4546182535463235,
        0.0,
        0.0,
        0.0
    ],
    "[0, 0, 0, 1, 1, 1, 1, 0, 0, 0, 0, 0, 0]": [
        -5.0,
        -5.0,
        -5.0,
        -0.20688931954505738
    ],
    "[0, 0, 0, 1, 1, 1, 0, 0, 0, 0, 1, 0, 0]": [
        -5.0,
        0.0,
        0.0,
        0.0
    ],
    "[0, 1, 0, 0, 1, 0, 0, 1, 0, 0, 0, 0, 0]": [
        -5.0,
        -0.1,
        -5.0,
        0.0
    ],
    "[1, 0, 0, 0, 0, 1, 0, 0, 0, 1, 0, 1, 0]": [
        -0.1592516978515594,
        -0.1099,
        0.0,
        0.0
    ],
    "[1, 0, 0, 0, 0, 1, 1, 1, 0, 1, 0, 0, 0]": [
        -0.1,
        -5.0,
        0.0,
        0.0
    ],
    "[0, 1, 0, 0, 0, 1, 1, 1, 0, 0, 0, 0, 0]": [
        -0.1,
        -5.0,
        -5.0,
        -5.0
    ],
    "[1, 0, 0, 0, 0, 1, 0, 0, 0, 1, 0, 0, 1]": [
        -0.0026999261273295107,
        -0.1,
        0.0,
        0.0
    ],
    "[0, 1, 0, 0, 0, 0, 0, 1, 0, 0, 1, 0, 1]": [
        -0.1,
        0.0,
        0.0,
        0.0
    ],
    "[0, 0, 0, 1, 1, 0, 0, 1, 0, 0, 0, 0, 0]": [
        -5.0,
        -0.27838724390831343,
        -0.2958702226763721,
        -5.0
    ],
    "[0, 0, 1, 0, 1, 0, 1, 0, 0, 0, 0, 1, 0]": [
        -5.0,
        0.0,
        0.0,
        0.0
    ],
    "[0, 0, 1, 0, 1, 0, 1, 0, 0, 0, 0, 0, 1]": [
        -5.0,
        0.0,
        0.0,
        0.0
    ],
    "[0, 0, 0, 1, 1, 0, 1, 1, 0, 0, 0, 0, 0]": [
        -5.0,
        0.0,
        0.0,
        0.0
    ],