{
    "[1, 0, 0, 0, 0, 1, 0, 0, 0, 0, 0, 0, 0]": [
        -1.8049935584582735,
        -4.360732207550782,
        -1.1101009238744202,
        -26.28634012314542
    ],
    "[0, 0, 1, 0, 0, 0, 1, 0, 0, 0, 0, 0, 0]": [
        -5.45644763175792,
        -9.519790100000002,
        -1.3558360579650133,
        -5.081902256020826
    ],
    "[1, 0, 0, 0, 0, 1, 0, 0, 0, 0, 1, 0, 0]": [
        -4.0,
        4.709676257960544,
        -0.292647559654479,
        -5.0
    ],
    "[0, 0, 0, 1, 1, 0, 0, 0, 0, 0, 0, 0, 0]": [
        -13.774335354380453,
        -0.7841276733283666,
        -1.5709496252070023,
        -1.5947494316717081
    ],
    "[1, 0, 0, 0, 0, 1, 0, 0, 0, 0, 0, 1, 0]": [
        -0.7128542546875716,
        -0.5797005851823966,
        4.814709006182566,
        -5.0
    ],
    "[0, 0, 0, 1, 1, 0, 1, 0, 0, 0, 0, 0, 0]": [
        -9.5,
        -5.0,
        -0.2721713029657451,
        -0.41941000000000006
    ],
    "[1, 0, 0, 0, 1, 1, 0, 0, 0, 0, 0, 0, 0]": [
        -5.0,
        -0.8116255448241744,
        -0.7098937471725353,
        -5.0
    ],
    "[1, 0, 0, 0, 0, 1, 0, 1, 0, 0, 0, 0, 0]": [
        -4.392705100000001,
        -1.3383498007010672,
        -9.5,
        -5.0
    ],
    "[0, 0, 0, 1, 1, 1, 0, 0, 0, 0, 0, 0, 0]": [
        -5.0,
        -1.2476586916613501,
        -5.0,
        -1.2907546742571876
    ],
    "[1, 0, 0, 0, 1, 1, 0, 0, 0, 0, 1, 0, 0]": [
        -5.0,
        0.22201076391427577,
        0.0,
        0.0
    ],
    "[1, 0, 0, 0, 0, 1, 0, 0, 0, 1, 0, 0, 0]": [
        8.900969172803203,
        -0.1,
        0.0,
        -5.0
    ],
    "[1, 0, 0, 0, 0, 1, 0, 1, 0, 1, 0, 0, 0]": [
        3.2771,
        0.0,
        0.0,
        0.0
    ],
    "[0, 0, 1, 0, 0, 0, 1, 1, 0, 0, 0, 0, 0]": [
        -0.560007702829,
        -5.0,
        -5.0,
        -0.648944087119166
    ],
    "[0, 1, 0, 0, 0, 0, 1, 1, 0, 0, 0, 0, 0]": [
        -0.831307062858796,
        -5.0,
        -5.0,
        -0.8605676786359429
    ],
    "[0, 1, 0, 0, 0, 0, 0, 1, 0, 0, 0, 0, 0]": [
        -0.3137387695834841,
        -1.4682496782238408,
        -5.0,
        -4.9617079554818435
    ],
    "[0, 1, 0, 0, 0, 0, 0, 1, 0, 0, 1, 0, 0]": [
        -0.19990000000000002,
        0.9021159524033119,
        -5.0,
        -0.1854898818665538
    ],
    "[0, 0, 1, 0, 1, 0, 1, 0, 0, 0, 1, 0, 0]": [
        0.0,
        0.0,
        0.0,
        -0.1
    ],
    "[0, 1, 0, 0, 1, 1, 0, 1, 0, 0, 0, 0, 0]": [
        -5.0,
        0.0,
        0.0,
        0.0
    ],
    "[0, 1, 0, 0, 0, 0, 0, 1, 0, 1, 0, 0, 0]": [
        -0.19,
        -0.19,
        -5.0,
        -0.21033065816395854
    ],
    "[0, 0, 1, 0, 0, 0, 1, 0, 0, 1, 0, 0, 0]": [
        9.91254780679534,
        -12.181501634430381,
        -0.3606289971764511,
        -0.32279764268800004
    ],
    "[0, 1, 0, 0, 0, 0, 1, 1, 0, 1, 0, 0, 0]": [
        0.9661574215466915,
        -5.0,
        -5.0,
        -0.28486998781551
    ],
    "[1, 0, 0, 0, 0, 1, 0, 0, 0, 0, 0, 0, 1]": [
        -0.3015430392580369,
        -0.3696741952975403,
        -0.27991000000000005,
        -5.0
    ],
    "[1, 0, 0, 0, 0, 1, 1, 0, 0, 0, 0, 0, 0]": [
        -0.9991725889242244,
        -5.0,
        -0.22393134458399833,
        -9.522169203113815
    ],
    "[0, 0, 0, 1, 1, 0, 0, 0, 0, 0, 1, 0, 0]": [
        -11.639159272819409,
        11.839311164984808,
        0.0,
        0.0
    ],
    "[0, 1, 0, 0, 0, 1, 0, 1, 0, 0, 0, 0, 0]": [
        -0.1,
        -0.1,
        0.0,
        0.0
    ],
    "[0, 0, 1, 0, 1, 1, 1, 0, 0, 0, 0, 1, 0]": [
        -5.0,
        0.0,
        0.0,
        0.0
    ],
    "[0, 0, 1, 0, 0, 0, 1, 1, 0, 1, 0, 0, 1]": [
        -0.1,
        0.0,
        0.0,
        0.0
    ],
    "[0, 0, 1, 0, 0, 0, 1, 1, 0, 1, 0, 0, 0]": [
        -0.1,
        -5.0,
        -5.0,
        -0.1099
    ],
    "[0, 0, 0, 1, 1, 0, 1, 0, 0, 1, 0, 0, 0]": [
        -5.0,
        -5.0,
        0.0,
        0.0
    ],
    "[0, 0, 1, 0, 1, 0, 1, 0, 0, 0, 0, 0, 0]": [
        -5.0,
        -5.0,
        -0.6214974878625779,
        -0.6005988849880113
    ],
    "[1, 0, 0, 0, 0, 1, 0, 1, 0, 0, 1, 0, 1]": [
        -0.1,
        0.0,
        0.0,
        0.0
    ],
    "[0, 0, 1, 0, 0, 0, 1, 1, 0, 0, 1, 0, 0]": [
        -0.1,
        -5.0,
        -5.0,
        0.0
    ],
    "[0, 0, 0, 1, 1, 0, 0, 0, 0, 0, 0, 0, 1]": [
        -5.0,
        -0.34428737950290683,
        -0.21970363101112647,
        3.1233697431534284
    ],
    "[0, 1, 0, 0, 0, 0, 0, 1, 0, 0, 0, 0, 1]": [
        -0.40139705713937524,
        -0.3670992659884017,
        -5.0,
        5.338387208061329
    ],
    "[0, 0, 1, 0, 0, 0, 1, 0, 0, 0, 0, 0, 1]": [
        -4.0233299539,
        -5.0,
        -0.1099,
        -0.1
    ],
    "[1, 0, 0, 0, 0, 1, 1, 0, 0, 1, 0, 0, 0]": [
        3.761507931931386,
        0.0,
        -0.1,
        0.0
    ],
    "[0, 0, 1, 0, 0, 0, 1, 0, 0, 0, 0, 1, 0]": [
        -0.14054149000000002,
        -5.0,
        0.22324099775044037,
        0.0
    ],
    "[0, 0, 0, 1, 1, 0, 0, 0, 0, 0, 0, 1, 0]": [
        -5.0,
        -0.1395406395901,
        2.239026534297603,
        0.0
    ],
    "[0, 0, 1, 0, 0, 0, 1, 0, 0, 0, 1, 0, 0]": [
        -0.19990000000000002,
        -5.0,
        -0.39697229642661247,
        -0.23649091156870716
    ],
    "[0, 0, 0, 1, 1, 1, 0, 0, 0, 0, 0, 0, 1]": [
        -9.5,
        -0.3067801940097093,
        -5.0,
        -0.36714708100000004
    ],
    "[0, 0, 1, 0, 1, 0, 1, 0, 0, 0, 0, 0, 1]": [
        -5.0,
        0.0,
        0.0,
        0.0
    ],
    "[0, 0, 1, 0, 0, 0, 1, 1, 0, 0, 0, 0, 1]": [
        -0.1,
        -5.0,
        -5.0,
        -0.1
    ],
    "[0, 0, 1, 0, 0, 1, 1, 1, 0, 1, 0, 0, 0]": [
        0.0,
        -5.0,
        0.0,
        0.0
    ],
    "[0, 0, 0, 1, 1, 0, 0, 0, 0, 0, 1, 0, 1]": [
        -5.0,
        1.9089699085772207,
        0.0,
        0.0
    ],
    "[0, 0, 0, 1, 1, 0, 0, 0, 0, 1, 0, 0, 0]": [
        -5.0,
        0.0,
        0.0,
        0.0
    ],
    "[0, 0, 0, 1, 1, 0, 0, 0, 0, 0, 1, 1, 0]": [
        -5.0,
        0.9058233530716463,
        0.0,
        0.0
    ],
    "[1, 0, 0, 0, 0, 1, 0, 0, 0, 1, 0, 0, 1]": [
        -0.12967030990000003,
        0.0,
        0.0,
        0.0
    ],
    "[0, 0, 0, 1, 1, 0, 0, 1, 0, 0, 0, 0, 0]": [
        -5.0,
        -0.11785866597964165,
        -0.259862363061692,
        0.0
    ],
    "[1, 0, 0, 0, 1, 1, 1, 0, 0, 0, 0, 0, 0]": [
        -5.0,
        0.0,
        0.0,
        0.0
    ],
    "[0, 1, 0, 0, 1, 0, 0, 1, 0, 0, 0, 0, 0]": [
        -5.0,
        -0.6529248197878166,
        -5.0,
        -0.5746384659406063
    ],
    "[0, 0, 1, 0, 0, 0, 1, 0, 0, 1, 0, 1, 0]": [
        2.548388952067799,
        0.0,
        0.0,
        0.0
    ],
    "[1, 0, 0, 0, 0, 1, 0, 1, 0, 0, 1, 0, 0]": [
        -0.1,
        -0.1,
        -5.0,
        0.0
    ],
    "[0, 0, 1, 0, 0, 1, 1, 1, 0, 0, 1, 0, 0]": [
        -0.1,
        0.0,
        0.0,
        0.0
    ],
    "[0, 0, 0, 1, 1, 1, 0, 0, 0, 0, 1, 0, 0]": [
        -5.0,
        0.0,
        0.0,
        0.0
    ],
    "[0, 1, 0, 0, 1, 0, 0, 1, 0, 0, 1, 0, 0]": [
        -5.0,
        1.8993071300737754,
        0.0,
        0.0
    ],
    "[0, 0, 0, 1, 1, 0, 0, 1, 0, 0, 1, 0, 0]": [
        -5.0,
        0.8205147089058829,
        0.0,
        0.0
    ],
    "[1, 0, 0, 0, 1, 1, 0, 1, 0, 0, 0, 0, 0]": [
        -5.0,
        -0.1,
        0.0,
        0.0
    ],
    "[0, 0, 0, 1, 1, 1, 1, 0, 0, 0, 0, 0, 0]": [
        -5.0,
        -5.0,
        -5.0,
        -0.48073219882769447
    ],
    "[0, 0, 1, 0, 0, 1, 1, 0, 0, 1, 0, 0, 0]": [
        0.5106197490953438,
        0.0,
        0.0,
        0.0
    ],
    "[1, 0, 0, 0, 1, 1, 0, 1, 0, 0, 1, 0, 0]": [
        -5.0,
        0.0,
        0.0,
        0.0
    ],
    "[1, 0, 0, 0, 0, 1, 1, 1, 0, 0, 0, 0, 0]": [
        -0.2555360403869454,
        -5.0,
        -5.0,
        -5.0
    ],