{
    "[0, 0, 0, 0, 0, 0, 0]": [
        -59.63866939518147,
        -31.716746746912953,
        -57.853131991607825,
        -57.85602314715375
    ],
    "[0, 0, 0, 0, 0, 0, 1]": [
        -13.153325626255457,
        -13.781248974195844,
        -12.560878733820001,
        -4.79171804298208
    ],
    "[0, 1, 0, 0, 0, 0, 0]": [
        -5.2143842979866974,
        -6.0,
        -6.541458,
        -6.0
    ],
    "[0, 0, 0, 1, 0, 0, 0]": [
        2.4094111262103963,
        -6.0,
        -1.9082052048257176,
        -3.4830483811120327
    ],
    "[1, 0, 0, 0, 0, 0, 0]": [
        -3.844184629607833,
        -6.0,
        -6.522945242519252,
        -6.0
    ],
    "[0, 0, 1, 0, 0, 0, 0]": [
        -6.844223330248744,
        -9.524932008615538,
        -6.67896,
        -11.5944
    ],
    "[0, 0, 0, 0, 0, 1, 0]": [
        -12.065075998886618,
        -13.953971762096973,
        -3.8331156978402814,
        -12.193600199999999
    ],
    "[0, 1, 0, 1, 0, 0, 0]": [
        -0.2,
        -0.2,
        -0.253658,
        -6.0
    ],
    "[0, 0, 0, 1, 0, 0, 1]": [
        -0.2,
        0.0,
        0.0,
        0.0
    ],
    "[0, 1, 1, 0, 0, 0, 0]": [
        -11.994,
        -11.994,
        -6.85578336,
        -4.9159999999999995
    ],
    "[1, 0, 0, 0, 1, 0, 0]": [
        0.0,
        7.3149999999999995,
        0.0,
        0.0
    ],
    "[0, 1, 0, 0, 1, 0, 0]": [
        -6.0,
        -0.2,
        -2.9298119315565803,
        -0.28480736
    ],
    "[0, 0, 0, 1, 1, 0, 0]": [
        0.0,
        0.0,
        -1.3883655944806081,
        0.0
    ],
    "[0, 0, 1, 0, 0, 0, 1]": [
        -1.3252993285495172,
        0.0,
        0.0,
        0.0
    ],
    "[1, 1, 0, 0, 0, 0, 0]": [
        -0.57962,
        -6.0,
        -0.39980000000000004,
        -6.0
    ],
    "[0, 0, 0, 0, 1, 0, 0]": [
        -6.798001999000201,
        -3.808783645372129,
        -7.84946041118855,
        -6.0
    ],
    "[0, 1, 1, 1, 0, 0, 0]": [
        -6.0,
        0.0,
        0.0,
        0.0
    ],
    "[0, 1, 0, 0, 0, 1, 0]": [
        -3.3602200152095048,
        -0.71876,
        0.0,
        -6.0
    ],
    "[0, 1, 0, 0, 0, 0, 1]": [
        -2.1413403850607455,
        0.0,
        -0.2,
        0.0
    ],
    "[0, 0, 0, 0, 1, 1, 0]": [
        -6.0,
        -0.7544,
        0.0,
        0.0
    ],
    "[1, 0, 0, 0, 0, 1, 0]": [
        -0.794,
        0.0,
        0.0,
        0.0
    ],
    "[0, 0, 0, 0, 1, 0, 1]": [
        -6.0,
        0.0,
        0.0,
        0.0
    ],
    "[1, 0, 1, 0, 0, 0, 0]": [
        -0.2518234024118177,
        -6.0,
        -6.0,
        0.0
    ],
    "[0, 1, 0, 0, 1, 1, 0]": [
        -6.0,
        0.0,
        0.0,
        0.0
    ]
}