{
    "[1, 0, 0, 0, 0, 1, 0, 0, 0, 7, 0, 0]": [
        -5.0,
        0.0,
        -0.020000000000000004,
        0.0
    ],
    "[1, 0, 0, 0, 0, 1, 0, 0, 0, 0, 0, 0]": [
        -5.0,
        -0.11084567954029699,
        -0.09011363420000001,
        -13.557209433708266
    ],
    "[1, 0, 0, 0, 0, 0, 0, 0, 0, 0, 0, 0]": [
        -0.6172748322062585,
        -1.7818662129317773,
        -0.444012819097148,
        -17.228164777819078
    ],
    "[0, 0, 0, 1, 0, 0, 0, 0, 0, 0, 0, 0]": [
        -9.50593406198,
        -0.33987441526452233,
        -0.3635904848438561,
        -0.3434273791330268
    ],
    "[0, 1, 0, 0, 0, 0, 0, 0, 0, 0, 0, 0]": [
        -0.571907085259221,
        -0.3715810425646394,
        -5.0,
        -0.40634487781560447
    ],
    "[0, 1, 0, 0, 0, 0, 0, 0, 7, 0, 0, 0]": [
        0.0,
        0.0,
        -5.0,
        0.0
    ],
    "[1, 0, 0, 0, 1, 0, 0, 0, 0, 0, 0, 0]": [
        -0.19078032334132972,
        -0.20276729963913365,
        -9.5,
        -5.0
    ],
    "[0, 0, 0, 1, 1, 1, 0, 0, 0, 0, 0, 0]": [
        -5.0,
        -5.0,
        -5.0,
        -0.038000000000000006
    ],
    "[0, 1, 0, 0, 0, 1, 0, 0, 0, 0, 0, 0]": [
        -0.06165982007196209,
        -5.0,
        0.0,
        0.0
    ],
    "[1, 0, 0, 0, 0, 0, 0, 0, 3, 0, 0, 6]": [
        0.0,
        0.0,
        -0.020000000000000004,
        0.0
    ],
    "[1, 0, 0, 0, 1, 0, 0, 0, 0, 0, 0, 7]": [
        -0.020000000000000004,
        0.0,
        0.0,
        0.0
    ],
    "[0, 0, 1, 0, 0, 0, 1, 0, 0, 0, 0, 0]": [
        -0.18036415087924637,
        -5.0,
        -5.0,
        -0.1793736553484137
    ],
    "[1, 0, 0, 0, 0, 0, 0, 0, 0, 2, 0, 0]": [
        -0.020000000000000004,
        -0.020000000000000004,
        -0.029988452342000007,
        0.0
    ],
    "[0, 0, 1, 0, 0, 0, 0, 0, 0, 3, 2, 0]": [
        0.0,
        0.0,
        -0.020000000000000004,
        0.0
    ],
    "[1, 0, 0, 0, 0, 0, 0, 0, 0, 0, 1, 0]": [
        -0.020000000000000004,
        0.0,
        3.7950120038,
        0.0
    ],
    "[0, 0, 1, 0, 0, 0, 0, 0, 0, 0, 0, 0]": [
        -1.8968647119416808,
        -5.0,
        -5.420385457089799,
        -2.362328146300565
    ],
    "[1, 0, 0, 0, 0, 0, 0, 0, 0, 1, 0, 0]": [
        -0.020000000000000004,
        2.0,
        0.0,
        -5.0
    ],
    "[0, 0, 1, 0, 0, 0, 0, 0, 0, 0, 0, 6]": [
        -2.00584389278,
        0.0,
        0.0,
        -0.020000000000000004
    ],
    "[0, 1, 0, 0, 0, 0, 0, 0, 0, 0, 0, 5]": [
        0.0,
        -0.020000000000000004,
        0.0,
        0.0
    ],
    "[0, 0, 1, 0, 0, 0, 0, 0, 0, 0, 4, 0]": [
        -0.020000000000000004,
        -5.0,
        0.0,
        0.0
    ],
    "[1, 0, 0, 0, 0, 0, 0, 0, 0, 3, 0, 0]": [
        0.0,
        0.0,
        -0.020000000000000004,
        0.0
    ],
    "[0, 0, 0, 1, 0, 0, 0, 0, 0, 0, 5, 0]": [
        -5.0,
        0.0,
        0.0,
        0.0
    ],
    "[1, 0, 0, 0, 0, 0, 0, 0, 0, 4, 0, 0]": [
        -0.020000000000000004,
        -0.020000000000000004,
        -0.05278207766615594,
        0.0
    ],
    "[0, 0, 1, 0, 0, 0, 0, 0, 0, 5, 0, 0]": [
        0.0,
        0.0,
        -0.020000000000000004,
        0.0
    ],
    "[0, 1, 0, 0, 0, 0, 0, 0, 4, 0, 0, 0]": [
        -0.020000000000000004,
        -0.020000000000000004,
        -5.0,
        0.0
    ],
    "[0, 0, 1, 0, 0, 0, 0, 0, 3, 0, 0, 0]": [
        -0.020000000000000004,
        -5.0,
        -2.003762,
        -0.020000000000000004
    ],
    "[1, 0, 0, 0, 0, 1, 0, 0, 0, 0, 1, 0]": [
        -5.0,
        -0.03651743525932359,
        0.0,
        0.0
    ],
    "[1, 0, 0, 0, 0, 0, 0, 0, 4, 0, 0, 0]": [
        -0.038000000000000006,
        -0.020000000000000004,
        -0.025365800000000008,
        -5.0
    ],
    "[1, 0, 0, 0, 0, 0, 1, 0, 0, 0, 0, 0]": [
        -0.09976289537364688,
        -5.0,
        -0.07394601800000002,
        -9.50237184398
    ],
    "[0, 0, 1, 0, 1, 0, 1, 0, 0, 0, 0, 0]": [
        -5.0,
        -5.0,
        -5.0,
        -0.09831547041124529
    ],
    "[1, 0, 0, 0, 0, 0, 0, 0, 5, 0, 0, 0]": [
        -0.020000000000000004,
        -0.020000000000000004,
        -0.021980000000000003,
        0.0
    ],
    "[0, 0, 1, 0, 0, 0, 0, 0, 4, 0, 0, 0]": [
        -0.020000000000000004,
        -5.0,
        -0.047461187332162924,
        0.0
    ],
    "[0, 0, 1, 0, 0, 0, 0, 0, 2, 0, 0, 0]": [
        -0.020000000000000004,
        -5.0,
        0.0,
        0.0
    ],
    "[0, 0, 1, 0, 0, 0, 0, 0, 1, 0, 0, 0]": [
        1.9861815107692586,
        -5.0,
        0.0,
        0.0
    ],
    "[1, 0, 0, 0, 0, 0, 0, 0, 0, 0, 2, 0]": [
        0.0,
        0.0,
        -0.020000000000000004,
        0.0
    ],
    "[1, 0, 0, 0, 0, 0, 0, 0, 0, 2, 1, 0]": [
        -0.020000000000000004,
        0.0,
        0.0,
        0.0
    ],
    "[0, 0, 1, 0, 0, 0, 0, 0, 0, 3, 0, 0]": [
        -0.020000000000000004,
        -5.0,
        -0.052099542847609794,
        0.0
    ],
    "[0, 0, 1, 0, 0, 0, 0, 0, 0, 4, 0, 0]": [
        -0.020000000000000004,
        0.0,
        0.0,
        0.0
    ],
    "[0, 0, 1, 0, 1, 0, 0, 0, 0, 5, 0, 0]": [
        -5.0,
        -5.0,
        0.0,
        0.0
    ],
    "[0, 1, 0, 0, 0, 0, 0, 0, 1, 0, 0, 0]": [
        0.0,
        0.0,
        -5.0,
        0.0
    ],
    "[0, 0, 0, 1, 0, 0, 0, 0, 0, 0, 0, 1]": [
        -5.0,
        -0.020000000000000004,
        0.0,
        0.0
    ],
    "[0, 0, 0, 1, 0, 0, 0, 0, 0, 0, 2, 0]": [
        -5.0,
        -0.020000000000000004,
        0.0,
        0.0
    ],
    "[0, 0, 0, 1, 0, 1, 0, 0, 0, 0, 0, 0]": [
        -5.0,
        -0.2146794611016996,
        -5.0,
        -0.2401389596091224
    ],
    "[1, 0, 0, 0, 0, 0, 1, 0, 2, 0, 0, 0]": [
        -0.020000000000000004,
        0.0,
        0.0,
        0.0
    ],
    "[0, 0, 1, 0, 0, 0, 0, 0, 1, 0, 0, 5]": [
        1.99406593802,
        0.0,
        0.0,
        0.0
    ],
    "[0, 1, 0, 0, 0, 0, 0, 0, 0, 1, 0, 0]": [
        -0.020000000000000004,
        2.0,
        0.0,
        0.0
    ],
    "[0, 0, 1, 0, 0, 0, 0, 0, 0, 2, 0, 0]": [
        -0.020000000000000004,
        0.0,
        0.0,
        0.0
    ],
    "[0, 1, 0, 0, 0, 0, 0, 0, 5, 0, 0, 0]": [
        -0.020000000000000004,
        0.0,
        0.0,
        0.0
    ],
    "[0, 0, 1, 0, 1, 0, 0, 0, 0, 0, 0, 0]": [
        -5.0,
        -9.50198,
        -0.0860282100994384,
        -0.06878000000000001
    ],
    "[0, 0, 0, 1, 0, 0, 0, 0, 6, 0, 0, 0]": [
        -5.0,
        0.0,
        0.0,
        -0.03692472491797573
    ],
    "[0, 0, 0, 1, 0, 0, 0, 0, 0, 3, 0, 0]": [
        -5.0,
        -0.020000000000000004,
        0.0,
        0.0
    ],
    "[0, 0, 0, 1, 0, 0, 0, 0, 0, 0, 0, 6]": [
        -5.0,
        -0.020000000000000004,
        0.0,
        0.0
    ],
    "[0, 1, 0, 0, 0, 0, 0, 0, 0, 3, 0, 0]": [
        -0.020000000000000004,
        -0.020000000000000004,
        -5.035925033893536,
        0.0
    ],
    "[0, 0, 1, 0, 1, 0, 0, 0, 0, 4, 0, 0]": [
        0.0,
        -5.0,
        0.0,
        0.0
    ],
    "[0, 1, 0, 0, 1, 0, 0, 0, 0, 0, 0, 0]": [
        -0.05420000000000001,
        -0.038000000000000006,
        -5.0,
        -5.0
    ],
    "[0, 0, 1, 0, 0, 1, 0, 0, 0, 0, 0, 0]": [
        -0.020000000000000004,
        -5.0,
        0.0,
        -5.0
    ],
    "[1, 0, 0, 0, 0, 0, 0, 0, 0, 0, 3, 0]": [
        0.0,
        -0.027908127918020005,
        0.0,
        0.0
    ],
    "[0, 0, 0, 1, 0, 0, 0, 0, 0, 0, 7, 0]": [
        -5.0,
        0.0,
        0.0,
        0.0
    ],
    "[0, 0, 1, 0, 1, 0, 0, 0, 0, 0, 2, 0]": [
        -5.0,
        -5.0,
        0.0,
        0.0
    ],
    "[0, 0, 0, 1, 0, 0, 0, 0, 5, 0, 0, 0]": [
        -5.0,
        -0.020000000000000004,
        0.0,
        0.0
    ],
    "[0, 1, 0, 0, 0, 0, 0, 0, 2, 0, 0, 0]": [
        -0.020000000000000004,
        0.0,
        0.0,
        0.0
    ],