{
    "[1, 0, 0, 0, 0, 1, 0, 0, 0, 0, 0, 1, 1]": [
        0.0,
        0.0,
        0.0,
        -5.0
    ],
    "[1, 0, 0, 0, 0, 1, 0, 0, 0, 0, 0, 0, 0]": [
        -2.822663311277708,
        -0.7822197688766801,
        -1.1642143066386499,
        -13.638630613619473
    ],
    "[0, 0, 1, 0, 0, 0, 1, 0, 0, 0, 0, 1, 1]": [
        0.0,
        -5.0,
        0.0,
        0.0
    ],
    "[1, 0, 0, 0, 1, 1, 0, 0, 0, 0, 0, 1, 0]": [
        -5.0,
        -0.20964710052399999,
        -0.1,
        -5.0
    ],
    "[1, 0, 0, 0, 0, 1, 0, 1, 0, 0, 0, 0, 0]": [
        -0.3912235006744615,
        -0.3897370883247641,
        -5.0,
        -5.0
    ],
    "[0, 0, 0, 1, 1, 1, 0, 0, 0, 0, 0, 0, 0]": [
        -5.0,
        -0.5973434278301859,
        -5.0,
        -0.6515919281382219
    ],
    "[1, 0, 0, 0, 0, 1, 1, 0, 0, 0, 0, 0, 0]": [
        -1.101669254398765,
        -5.0,
        -0.9698655752892912,
        -5.0
    ],
    "[1, 0, 0, 0, 1, 1, 0, 0, 0, 0, 0, 0, 0]": [
        -5.0,
        -0.46916978085302086,
        -0.5698879127290001,
        -5.0
    ],
    "[0, 0, 1, 0, 0, 0, 1, 0, 0, 0, 0, 0, 0]": [
        -3.176423314769802,
        -13.56881,
        -3.2373512401591347,
        -0.8041961988330817
    ],
    "[1, 0, 0, 0, 0, 1, 0, 0, 0, 1, 0, 0, 0]": [
        0.7772893691467602,
        -0.271,
        -2.0188099999999998,
        -9.5
    ],
    "[0, 0, 0, 1, 1, 0, 1, 0, 0, 1, 0, 0, 0]": [
        0.0,
        0.0,
        -0.1,
        0.0
    ],
    "[1, 0, 0, 0, 0, 1, 1, 0, 0, 1, 0, 0, 0]": [
        -0.1,
        -5.0,
        -0.1,
        -5.0
    ],
    "[0, 0, 1, 0, 0, 0, 1, 0, 0, 1, 0, 0, 0]": [
        12.00772092084286,
        -5.0,
        -0.7170130311666291,
        -0.5346694770129765
    ],
    "[0, 0, 0, 1, 1, 0, 0, 0, 0, 0, 0, 1, 0]": [
        -9.5,
        -0.11255607100000001,
        7.069408592956969,
        0.0
    ],
    "[0, 0, 0, 1, 1, 0, 0, 0, 0, 0, 0, 0, 0]": [
        -17.2331294639,
        1.5757516189551941,
        -2.780383409409813,
        -1.2550045364156546
    ],
    "[0, 1, 0, 0, 0, 0, 0, 1, 0, 0, 0, 0, 0]": [
        -1.459102889715215,
        -2.4670987932680326,
        -23.504134370841303,
        -2.0538062706523497
    ],
    "[0, 0, 0, 1, 1, 0, 0, 0, 0, 0, 0, 0, 1]": [
        -5.0,
        -0.1099,
        -0.19,
        7.6150187867521995
    ],
    "[0, 0, 1, 0, 1, 0, 1, 0, 0, 0, 0, 0, 0]": [
        -5.0,
        -5.0,
        -0.29273149,
        -0.29445750235985246
    ],
    "[0, 0, 1, 0, 0, 0, 1, 0, 0, 0, 0, 1, 0]": [
        -0.1099,
        -5.0,
        -0.19,
        -0.1
    ],
    "[0, 1, 0, 0, 1, 0, 0, 1, 0, 0, 0, 0, 0]": [
        -5.0,
        -0.3869988153571668,
        -5.0,
        -0.5032309647247177
    ],
    "[0, 0, 1, 0, 0, 0, 1, 1, 0, 0, 0, 0, 1]": [
        -0.1,
        -5.0,
        0.0,
        -0.1
    ],
    "[0, 1, 0, 0, 0, 0, 0, 1, 0, 0, 1, 0, 1]": [
        -0.1,
        -0.11774278997831428,
        0.0,
        0.0
    ],
    "[0, 0, 1, 0, 0, 0, 1, 0, 0, 0, 1, 0, 0]": [
        -0.1,
        -9.469036542369304,
        -0.1115381869109966,
        0.0
    ],
    "[1, 0, 0, 0, 0, 1, 0, 0, 0, 0, 1, 0, 0]": [
        0.0,
        1.0800571711590803,
        -0.14054149000000002,
        -4.8020000000000005
    ],
    "[0, 1, 0, 0, 0, 0, 0, 1, 0, 1, 0, 0, 0]": [
        1.9782762006812502,
        0.0,
        0.0,
        0.0
    ],
    "[0, 0, 1, 0, 0, 0, 1, 1, 0, 0, 0, 0, 0]": [
        -0.6288172357441824,
        -5.0,
        -5.0,
        -0.7065969851623136
    ],
    "[0, 1, 0, 0, 0, 0, 0, 1, 0, 0, 1, 0, 0]": [
        -0.19,
        6.174203769483997,
        -5.0,
        -0.1099
    ],
    "[0, 1, 0, 0, 0, 1, 0, 1, 0, 0, 0, 0, 0]": [
        -0.34390000000000004,
        -0.34390000000000004,
        -5.0,
        -5.0
    ],
    "[0, 0, 1, 0, 0, 1, 1, 0, 0, 0, 0, 0, 0]": [
        -0.39509957086449543,
        -5.0,
        -0.40967630700064256,
        -5.0
    ],
    "[1, 0, 0, 0, 0, 1, 0, 0, 0, 0, 0, 0, 1]": [
        -0.1,
        -0.1340461,
        -0.1,
        0.0
    ],
    "[1, 0, 0, 0, 0, 1, 0, 0, 0, 0, 0, 1, 0]": [
        -0.25305218841384103,
        -0.2372087539,
        7.755465567090532,
        -5.0
    ],
    "[1, 0, 0, 0, 1, 1, 0, 1, 0, 0, 1, 0, 1]": [
        0.0,
        0.0,
        0.0,
        -5.0
    ],
    "[0, 1, 0, 0, 0, 0, 0, 1, 0, 0, 0, 0, 1]": [
        -0.12564397000000002,
        -0.16573623198218537,
        -5.0,
        8.442181366169248
    ],
    "[1, 0, 0, 0, 0, 1, 0, 1, 0, 1, 1, 0, 0]": [
        -0.1,
        0.0,
        0.0,
        0.0
    ],
    "[0, 0, 1, 0, 0, 0, 1, 1, 0, 1, 1, 0, 0]": [
        -0.1,
        -5.0,
        0.0,
        0.0
    ],
    "[0, 0, 0, 1, 1, 0, 0, 0, 0, 1, 0, 0, 0]": [
        -5.0,
        -0.1,
        -0.15226745770101188,
        0.0
    ],
    "[1, 0, 0, 0, 0, 1, 0, 1, 0, 0, 0, 0, 1]": [
        -0.1,
        -0.1,
        0.0,
        -5.0
    ],
    "[0, 0, 0, 1, 1, 0, 0, 0, 0, 0, 1, 0, 0]": [
        -9.5099,
        -0.5985019985005999,
        -0.7914137531713193,
        -0.626645817463423
    ],
    "[0, 0, 0, 1, 1, 0, 1, 0, 0, 0, 0, 0, 0]": [
        -9.5099,
        -5.0,
        -0.8805208116408182,
        -0.8736889981494157
    ],
    "[0, 0, 0, 1, 1, 0, 0, 1, 0, 0, 0, 0, 0]": [
        -5.0,
        -0.013361204679154748,
        -0.37159929927989754,
        -5.0
    ],
    "[1, 0, 0, 0, 0, 1, 0, 0, 0, 0, 1, 1, 0]": [
        -0.06903654236930397,
        -2.034876812710776,
        1.801167405471003,
        0.0
    ],
    "[1, 0, 0, 0, 1, 1, 0, 1, 0, 0, 0, 0, 0]": [
        -5.0,
        0.0,
        -5.0,
        0.0
    ],
    "[0, 1, 0, 0, 0, 0, 1, 1, 0, 0, 0, 0, 0]": [
        -0.4457087228366234,
        -5.0,
        -5.0,
        -0.3265290199816674
    ],
    "[0, 1, 0, 0, 1, 0, 1, 1, 0, 0, 0, 0, 0]": [
        -5.0,
        -5.0,
        0.0,
        0.0
    ],
    "[0, 1, 0, 0, 0, 1, 1, 1, 0, 0, 0, 0, 0]": [
        -0.23457300853949947,
        -5.0,
        -5.0,
        -5.0
    ],
    "[0, 1, 0, 0, 0, 0, 0, 1, 0, 1, 0, 0, 1]": [
        2.6319300427503465,
        0.0,
        0.0,
        0.0
    ],
    "[0, 0, 0, 1, 1, 1, 0, 0, 0, 1, 0, 0, 0]": [
        -5.0,
        0.0,
        0.0,
        0.0
    ],
    "[1, 0, 0, 0, 1, 1, 0, 0, 0, 0, 0, 0, 1]": [
        -5.0,
        0.0,
        0.0,
        0.0
    ],
    "[0, 0, 1, 0, 0, 0, 1, 0, 0, 0, 0, 0, 1]": [
        -0.3824604061796094,
        -5.0,
        -0.1,
        0.07832292185851204
    ],
    "[1, 0, 0, 0, 0, 1, 1, 1, 0, 0, 0, 0, 0]": [
        -0.1099,
        -5.0,
        -5.0,
        0.0
    ],
    "[0, 1, 0, 0, 0, 0, 1, 1, 0, 1, 0, 0, 0]": [
        1.9198129852398282,
        -9.51106445681,
        -5.0,
        -0.20158617976145268
    ],
    "[0, 0, 1, 0, 0, 0, 1, 1, 0, 0, 1, 0, 0]": [
        -0.06903654236930397,
        -5.0,
        0.0,
        0.0
    ],
    "[0, 0, 1, 0, 0, 0, 1, 1, 0, 1, 0, 0, 0]": [
        3.403772715227896,
        0.0,
        0.0,
        0.0
    ],
    "[0, 0, 0, 1, 1, 1, 1, 0, 0, 0, 0, 0, 0]": [
        -5.0,
        0.0,
        0.0,
        0.0
    ],
    "[1, 0, 0, 0, 0, 1, 0, 1, 0, 0, 1, 0, 0]": [
        -0.1,
        1.942395016631754,
        0.0,
        0.0
    ],
    "[0, 0, 0, 1, 1, 0, 1, 1, 0, 0, 0, 0, 0]": [
        -5.0,
        0.0,
        0.0,
        0.0
    ],
    "[0, 0, 0, 1, 1, 0, 0, 0, 0, 0, 1, 1, 0]": [
        -5.0,
        0.0,
        0.0,
        0.0
    ],
    "[0, 1, 0, 0, 0, 0, 0, 1, 0, 1, 1, 0, 0]": [
        -0.1,
        0.0,
        0.0,
        0.0
    ],
    "[0, 0, 1, 0, 0, 0, 1, 0, 0, 1, 1, 0, 0]": [
        2.0088853305587695,
        0.0,
        0.0,
        0.0
    ],
    "[0, 0, 0, 1, 1, 0, 0, 0, 0, 0, 0, 1, 1]": [
        -5.0,
        -0.193835852067043,
        0.0,
        0.0
    ],
    "[0, 0, 0, 1, 1, 0, 0, 1, 0, 0, 0, 1, 0]": [
        -5.0,
        -0.09046973251470702,
        1.0063718457467203,
        0.0
    ],