{
    "[1, 0, 0, 0, 0, 1, 0, 1, 0, 0, 0, 0, 0]": [
        -0.1,
        -0.1,
        0.0,
        -5.0
    ],
    "[1, 0, 0, 0, 0, 1, 0, 0, 0, 0, 0, 0, 0]": [
        -0.34390000000000004,
        -0.271,
        -0.19,
        -9.51881
    ],
    "[1, 0, 0, 0, 0, 1, 0, 0, 0, 0, 0, 1, 0]": [
        0.0,
        -0.19,
        0.0,
        0.0
    ],
    "[0, 0, 0, 1, 1, 0, 1, 0, 0, 0, 0, 0, 0]": [
        0.0,
        0.0,
        -0.1,
        -0.1
    ],
    "[0, 1, 0, 0, 0, 0, 1, 1, 0, 0, 0, 0, 0]": [
        0.0,
        0.0,
        -5.0,
        -0.1
    ],
    "[0, 0, 1, 0, 1, 0, 1, 0, 0, 0, 0, 1, 0]": [
        0.0,
        0.0,
        2.0,
        0.0
    ],
    "[1, 0, 0, 0, 1, 1, 0, 0, 0, 0, 0, 0, 0]": [
        0.0,
        -0.1,
        0.0,
        -5.0
    ],
    "[1, 0, 0, 0, 1, 1, 0, 0, 0, 0, 0, 1, 0]": [
        0.0,
        0.0,
        0.0,
        0.0
    ],
    "[0, 0, 0, 1, 1, 0, 0, 0, 0, 0, 0, 1, 0]": [
        0.0,
        0.0,
        -0.1,
        0.0
    ],
    "[0, 0, 0, 1, 1, 0, 0, 0, 0, 0, 0, 0, 0]": [
        0.0,
        -0.19,
        -0.297829,
        0.0
    ],
    "[1, 0, 0, 0, 0, 1, 1, 0, 0, 0, 0, 0, 0]": [
        -0.1,
        0.0,
        0.0,
        0.0
    ],
    "[0, 0, 1, 0, 0, 0, 1, 0, 0, 0, 0, 0, 0]": [
        -0.271,
        -9.5,
        -0.1,
        0.0
    ],
    "[0, 0, 0, 1, 1, 0, 0, 0, 0, 0, 0, 0, 1]": [
        0.0,
        -0.1,
        0.0,
        0.0
    ],
    "[0, 0, 0, 1, 1, 1, 0, 0, 0, 0, 0, 0, 1]": [
        0.0,
        0.0,
        0.0,
        -0.1
    ],
    "[0, 1, 0, 0, 0, 0, 0, 1, 0, 0, 0, 0, 1]": [
        -0.1,
        0.0,
        0.0,
        0.0
    ],
    "[0, 0, 1, 0, 0, 0, 1, 1, 0, 0, 0, 0, 0]": [
        -0.1,
        -5.0,
        -5.0,
        0.0
    ],
    "[0, 0, 1, 0, 1, 0, 1, 0, 0, 0, 0, 0, 0]": [
        0.0,
        0.0,
        -0.1,
        0.0
    ],
    "[1, 0, 0, 0, 0, 1, 0, 0, 0, 0, 0, 0, 1]": [
        0.0,
        0.0,
        0.0,
        -5.0
    ],
    "[0, 0, 1, 0, 0, 0, 1, 0, 0, 0, 0, 0, 1]": [
        0.0,
        0.0,
        -0.1,
        0.0
    ],
    "[1, 0, 0, 0, 0, 1, 0, 1, 0, 0, 0, 0, 1]": [
        -0.1,
        0.0,
        0.0,
        0.0
    ]
}