{
    "[1, 0, 0, 0, 0, 1, 0, 1, 0, 0, 0, 0, 0]": [
        -0.1,
        0.0,
        0.0,
        -5.0
    ],
    "[1, 0, 0, 0, 0, 1, 0, 0, 0, 0, 0, 0, 0]": [
        -0.271,
        -0.271,
        -0.27991000000000005,
        -5.0
    ],
    "[0, 0, 1, 0, 0, 0, 1, 0, 0, 0, 0, 0, 0]": [
        -0.19990000000000002,
        -9.5,
        -0.19990000000000002,
        -0.19
    ],
    "[0, 0, 0, 1, 1, 0, 0, 0, 0, 0, 0, 0, 1]": [
        0.0,
        -0.1,
        0.0,
        0.0
    ],
    "[0, 0, 0, 1, 1, 0, 0, 0, 0, 0, 0, 0, 0]": [
        -9.5,
        0.0,
        -0.19,
        -0.1
    ],
    "[0, 0, 1, 0, 0, 0, 1, 0, 0, 0, 0, 0, 1]": [
        0.0,
        0.0,
        0.0,
        -0.1
    ],
    "[0, 1, 0, 0, 0, 0, 0, 1, 0, 0, 0, 0, 1]": [
        -0.1,
        0.0,
        0.0,
        0.0
    ],
    "[0, 1, 0, 0, 0, 0, 0, 1, 0, 0, 0, 0, 0]": [
        -0.19990000000000002,
        -0.19,
        0.0,
        -0.19
    ],
    "[1, 0, 0, 0, 0, 1, 1, 0, 0, 1, 0, 0, 0]": [
        -0.1,
        0.0,
        0.0,
        0.0
    ],
    "[0, 0, 1, 0, 0, 0, 1, 0, 0, 1, 0, 0, 1]": [
        -0.1,
        0.0,
        0.0,
        0.0
    ],
    "[0, 0, 1, 0, 0, 0, 1, 0, 0, 1, 0, 0, 0]": [
        0.0,
        -5.0,
        0.0,
        0.0
    ],
    "[0, 0, 1, 0, 0, 0, 1, 1, 0, 0, 0, 0, 0]": [
        -0.1,
        0.0,
        0.0,
        -0.1
    ],
    "[1, 0, 0, 0, 0, 1, 0, 0, 0, 1, 0, 0, 0]": [
        0.0,
        0.0,
        0.0,
        -5.0
    ],
    "[1, 0, 0, 0, 0, 1, 0, 0, 0, 0, 1, 0, 1]": [
        0.0,
        0.0,
        0.0,
        -5.0
    ],
    "[1, 0, 0, 0, 0, 1, 0, 0, 0, 0, 0, 1, 0]": [
        -0.1099,
        0.0,
        -0.19,
        0.0
    ],
    "[1, 0, 0, 0, 0, 1, 0, 0, 0, 0, 1, 0, 0]": [
        -0.1,
        0.0,
        0.0,
        0.0
    ],
    "[0, 0, 1, 0, 0, 0, 1, 0, 0, 0, 1, 0, 0]": [
        -0.1,
        -5.0,
        0.0,
        0.0
    ]
}