{
    "[0, 0, 0, 0, 0, 0, 0]": [
        -7.516184056264337,
        -11.090149829999554,
        -1.9091259111486703,
        -14.447389321449023
    ],
    "[1, 0, 0, 0, 0, 0, 0]": [
        -0.2,
        0.0,
        0.0,
        0.0
    ],
    "[0, 0, 1, 0, 0, 0, 0]": [
        -6.0,
        -6.0,
        0.0,
        0.0
    ],
    "[0, 0, 0, 0, 0, 1, 0]": [
        0.0,
        0.0,
        5.0,
        0.0
    ],
    "[0, 0, 0, 1, 0, 0, 0]": [
        -0.2,
        0.0,
        0.0,
        -0.2
    ],
    "[0, 0, 0, 0, 0, 0, 1]": [
        -0.3252724658483079,
        -0.2858639078,
        -6.199800000000001,
        -5.180000000000001
    ],
    "[0, 0, 0, 0, 1, 0, 0]": [
        -6.0,
        4.833807957731378,
        0.0,
        0.0
    ],
    "[0, 1, 0, 0, 0, 0, 0]": [
        -0.5493728380417602,
        0.0,
        0.0,
        0.0
    ]
}