{
    "[1, 0, 0, 0, 1, 0, 1, 0, 0, 0, 0, 0]": [
        0.0,
        0.0,
        -5.0,
        0.0
    ],
    "[1, 0, 0, 0, 0, 0, 0, 0, 0, 0, 0, 0]": [
        -0.038000000000000006,
        0.0,
        0.0,
        0.0
    ],
    "[0, 0, 1, 0, 0, 0, 0, 0, 0, 0, 0, 7]": [
        0.0,
        0.0,
        0.0,
        -0.020000000000000004
    ],
    "[0, 1, 0, 0, 0, 0, 0, 0, 0, 0, 0, 6]": [
        0.0,
        0.0,
        0.0,
        -0.020000000000000004
    ],
    "[0, 1, 0, 0, 0, 0, 0, 0, 0, 0, 0, 5]": [
        0.0,
        0.0,
        -5.0,
        0.0
    ],
    "[1, 0, 0, 0, 1, 0, 0, 0, 0, 0, 0, 0]": [
        -0.020000000000000004,
        0.0,
        -5.0,
        -5.0
    ],
    "[0, 0, 1, 0, 0, 0, 1, 0, 0, 0, 0, 0]": [
        0.0,
        0.0,
        -5.0,
        0.0
    ],
    "[1, 0, 0, 0, 0, 0, 0, 0, 0, 0, 0, 3]": [
        0.0,
        -0.020000000000000004,
        0.0,
        0.0
    ],
    "[0, 0, 0, 1, 0, 0, 0, 0, 0, 0, 0, 0]": [
        0.0,
        -0.020000000000000004,
        0.0,
        -0.020000000000000004
    ],
    "[0, 1, 0, 0, 0, 0, 0, 0, 0, 0, 0, 0]": [
        -0.020000000000000004,
        0.0,
        -5.0,
        0.0
    ],
    "[0, 0, 1, 0, 0, 0, 0, 0, 0, 0, 0, 0]": [
        -0.020000000000000004,
        0.0,
        0.0,
        -0.038000000000000006
    ],
    "[1, 0, 0, 0, 0, 1, 0, 0, 0, 0, 0, 0]": [
        -5.0,
        0.0,
        0.0,
        0.0
    ],
    "[1, 0, 0, 0, 0, 0, 1, 0, 0, 0, 0, 0]": [
        0.0,
        0.0,
        -0.020000000000000004,
        -5.0
    ],
    "[1, 0, 0, 0, 0, 0, 0, 0, 6, 0, 0, 0]": [
        -0.020000000000000004,
        0.0,
        0.0,
        -5.0
    ],
    "[0, 0, 1, 0, 0, 0, 0, 0, 5, 0, 0, 0]": [
        0.0,
        0.0,
        -0.020000000000000004,
        0.0
    ],
    "[0, 0, 1, 0, 0, 0, 0, 0, 0, 0, 0, 4]": [
        -0.020000000000000004,
        0.0,
        0.0,
        0.0
    ],
    "[0, 1, 0, 0, 0, 0, 0, 0, 2, 0, 0, 0]": [
        0.0,
        0.0,
        -5.0,
        0.0
    ]
}