{
    "[0, 0, 0, 0, 0, 0, 0]": [
        -110.84728250841121,
        -61.32610946547307,
        -114.40260969505556,
        -93.02323140518476
    ],
    "[0, 0, 0, 0, 0, 0, 1]": [
        -77.21405116938189,
        -76.19231018680964,
        -76.95079403376243,
        -38.03013474918455
    ],
    "[0, 1, 0, 0, 0, 0, 0]": [
        -92.49439888618127,
        -61.20850896523626,
        -95.28166545627836,
        -93.75026255441396
    ],
    "[0, 0, 0, 1, 0, 0, 0]": [
        -31.8411519979173,
        -84.83638388018151,
        -65.73654621665592,
        -65.8977322478331
    ],
    "[0, 0, 0, 0, 1, 0, 0]": [
        -68.4076781709233,
        -33.246788892553624,
        -60.654876608948,
        -65.60261261906507
    ],
    "[0, 0, 1, 0, 1, 0, 0]": [
        -44.70520381954339,
        -42.22953394918186,
        -44.854389660363566,
        -47.05247377168534
    ],
    "[1, 0, 0, 0, 0, 0, 0]": [
        -91.6971882500983,
        -95.90295274080347,
        -66.54465887275414,
        -97.96661688855238
    ],
    "[0, 0, 0, 0, 0, 1, 0]": [
        -66.52780998280129,
        -64.76550726951983,
        -27.724680489581523,
        -73.55237075627771
    ],
    "[0, 0, 1, 1, 0, 0, 0]": [
        -46.19550720798861,
        -56.876615284826116,
        -56.55172565516503,
        -54.517801148271374
    ],
    "[0, 0, 1, 0, 0, 0, 0]": [
        -128.24565908307395,
        -76.22948240049752,
        -135.8330424597299,
        -132.06915818798547
    ],
    "[1, 0, 0, 0, 1, 0, 0]": [
        -18.442735645390183,
        -16.36039987238336,
        -18.2185128015195,
        -19.476009500000004
    ],
    "[0, 1, 1, 0, 0, 0, 0]": [
        -111.4381903463407,
        -108.3143692647848,
        -60.54631402323879,
        -109.6349249699601
    ],
    "[0, 1, 0, 1, 0, 0, 0]": [
        -35.38824398926746,
        -51.18520468940924,
        -51.44590671464903,
        -54.1056421049057
    ],
    "[0, 1, 1, 1, 0, 0, 0]": [
        -77.7148773586967,
        -78.46738457301268,
        -74.23415561436602,
        -73.88364200170126
    ],
    "[1, 0, 1, 1, 0, 0, 0]": [
        -38.486630269615056,
        -63.19490831131654,
        -62.59077738516803,
        -52.89990105012216
    ],
    "[1, 1, 0, 0, 0, 0, 0]": [
        -65.9350340552082,
        -92.57077283786067,
        -90.11859893575225,
        -91.94243189182461
    ],
    "[0, 1, 0, 0, 0, 1, 0]": [
        -45.807635312549756,
        -50.38102518579955,
        -34.542402103208175,
        -49.00181656546913
    ],
    "[0, 0, 0, 0, 1, 1, 0]": [
        -46.82685005089262,
        -42.717622780458996,
        -31.45465566156835,
        -45.122278697759185
    ],
    "[1, 0, 1, 0, 0, 0, 0]": [
        -84.16436933904926,
        -99.34217812789214,
        -100.68398686927871,
        -95.89621220611583
    ],
    "[1, 0, 0, 0, 0, 1, 0]": [
        -36.51284448896354,
        -38.528559046510395,
        -32.64035963416985,
        -35.59673373562945
    ],
    "[1, 1, 0, 0, 0, 1, 0]": [
        -17.17473028315502,
        -5.3125052741579974,
        -5.373007419920815,
        -5.0
    ],
    "[1, 1, 0, 1, 0, 0, 0]": [
        -38.85374855299515,
        -52.51991209851941,
        -52.31311881105025,
        -58.04577346235731
    ],
    "[0, 1, 0, 0, 0, 0, 1]": [
        -44.618795147801045,
        -45.38526852726308,
        -47.77145089084832,
        -48.38891995789718
    ],
    "[0, 1, 0, 1, 0, 1, 0]": [
        -32.1346550596751,
        -34.84535143570028,
        -32.505017971471474,
        -34.77033749876048
    ],
    "[0, 0, 0, 1, 0, 1, 0]": [
        -44.21947500756448,
        -48.79060162883843,
        -31.355574905787797,
        -43.62626505141377
    ],
    "[1, 0, 0, 1, 0, 0, 0]": [
        -35.86842651840585,
        -54.61767594213511,
        -54.3093917105476,
        -57.78511122665168
    ],
    "[0, 0, 0, 1, 1, 0, 0]": [
        -13.558130623537497,
        -13.06969915840839,
        -10.391364314012737,
        -13.756612776402333
    ],
    "[0, 0, 0, 0, 0, 1, 1]": [
        -14.242302801032002,
        -18.286179241938388,
        -11.834379941092113,
        -15.480263398587411
    ],
    "[1, 0, 1, 0, 0, 1, 0]": [
        -19.500825615398586,
        -19.970019995,
        -15.77280392076846,
        -15.084705299900001
    ],
    "[0, 1, 1, 0, 0, 1, 0]": [
        -46.28661131127718,
        -46.965855051208926,
        -49.77559895125896,
        -44.82041937062959
    ],
    "[0, 0, 0, 0, 1, 0, 1]": [
        -46.972455648913396,
        -31.536959570648783,
        -49.87091858708751,
        -47.30705404016222
    ],
    "[0, 0, 1, 0, 1, 1, 0]": [
        -5.0,
        0.0,
        0.0,
        -0.1
    ],
    "[0, 0, 0, 1, 0, 0, 1]": [
        -54.19844355751475,
        -53.917286401085754,
        -55.54843287778528,
        -34.39789896528291
    ],
    "[0, 1, 0, 0, 1, 0, 0]": [
        -28.887420301386886,
        -25.143236994012895,
        -24.941878235307183,
        -24.14912038276147
    ],
    "[1, 1, 1, 0, 0, 0, 0]": [
        -63.56381907651413,
        -70.50255421110333,
        -74.06160709793828,
        -73.09368115726932
    ],
    "[0, 0, 1, 0, 0, 0, 1]": [
        -62.283474268334714,
        -63.40512376322344,
        -65.87975685421361,
        -48.218131508120024
    ],
    "[0, 0, 1, 0, 0, 1, 0]": [
        -33.28322808267539,
        -28.238357265528705,
        -27.18347322091046,
        -28.11409465700725
    ],
    "[0, 1, 0, 1, 0, 0, 1]": [
        -3.1840872829681977,
        -6.153830150605545,
        -3.171727978166512,
        -5.0
    ],
    "[0, 0, 1, 1, 0, 1, 0]": [
        -27.97080603263455,
        -29.925099925029997,
        -26.12266375196016,
        -26.905534585256785
    ],
    "[1, 0, 0, 1, 0, 0, 1]": [
        -3.2157326695182995,
        -5.0,
        -8.115973014201181,
        -8.809879673414917
    ],
    "[0, 0, 1, 1, 0, 0, 1]": [
        -36.46274473784451,
        -36.49404308181374,
        -34.89517482510497,
        -35.73838770938426
    ],
    "[1, 0, 1, 0, 1, 0, 0]": [
        -5.0,
        -0.9513823250682872,
        -5.0,
        -5.0
    ],
    "[1, 0, 0, 0, 0, 0, 1]": [
        -20.483458730978846,
        -24.555389293392942,
        -22.64036923765768,
        -23.816273471157004
    ],
    "[1, 0, 0, 0, 1, 1, 0]": [
        -2.053572103566887,
        -2.6692449805236045,
        -2.874115392587518,
        -5.0
    ],
    "[0, 1, 0, 0, 1, 1, 0]": [
        -5.0,
        -1.6894519858626675,
        -1.638434036687218,
        -2.5700549475254952
    ],
    "[1, 0, 0, 1, 0, 1, 0]": [
        -5.663442720114351,
        -5.0,
        -5.0,
        -8.734026931045792
    ],
    "[1, 0, 1, 1, 0, 1, 0]": [
        -1.6574131962265115,
        -5.0,
        0.0,
        0.0
    ],
    "[0, 0, 1, 0, 0, 1, 1]": [
        -6.059722832964759,
        -5.76273564495839,
        -5.0,
        0.0
    ],
    "[1, 0, 0, 0, 0, 1, 1]": [
        -5.984998711028667,
        0.0,
        0.0,
        0.0
    ],
    "[0, 1, 0, 0, 0, 1, 1]": [
        -4.9558886811740805,
        -9.636806619211079,
        0.0,
        0.0
    ],
    "[0, 0, 1, 1, 1, 0, 0]": [
        -0.1,
        -5.0,
        0.0,
        0.0
    ]
}